,Label,size_ratio_0,dist_0_0,angle_0_0,distC_0_0,angleC_0_0,dist_4_0,angle_4_0,distC_4_0,angleC_4_0,dist_8_0,angle_8_0,distC_8_0,angleC_8_0,dist_20_0,angle_20_0,distC_20_0,angleC_20_0,size_ratio_1,dist_0_1,angle_0_1,distC_0_1,angleC_0_1,dist_4_1,angle_4_1,distC_4_1,angleC_4_1,dist_8_1,angle_8_1,distC_8_1,angleC_8_1,dist_20_1,angle_20_1,distC_20_1,angleC_20_1,size_ratio_2,dist_0_2,angle_0_2,distC_0_2,angleC_0_2,dist_4_2,angle_4_2,distC_4_2,angleC_4_2,dist_8_2,angle_8_2,distC_8_2,angleC_8_2,dist_20_2,angle_20_2,distC_20_2,angleC_20_2
0,Doctor Strange,0.9938650306748468,0.4806284741275737,-0.8366353308008672,2.3910172785615478,0.9691650870424948,0.2369419344846878,0.7983844463176208,2.0897306143334498,0.7633104453058347,0.3537775832077592,-1.4845907531191178,2.1217911335057864,0.636938446651984,0.3641167303434979,0.2536740961386427,2.649788163684814,0.6993639791167007,0.5909090909090909,0.4988975045612822,-1.040839822874267,0.1014145691113909,-1.0303768265243125,0.1571348402636772,-0.2516899717581867,0.3015597940991556,-0.1011033717362985,0.3980602580886858,-0.8704637033660931,0.2373608190773342,-0.4964227534048818,0.3870065531531278,-1.559560844536934,0.7361678940860825,1.0516502125483738,0.621301775147929,0.4857646149658627,-1.0747526484287186,0.727827406597729,-1.340891898662992,0.3307296551331915,0.6343828204760888,0.4428085613647111,-1.112224816327389,0.277209937350625,-1.1801892830972098,0.5494999403172208,1.4146699609515545,0.4070812594818766,1.2178059389679865,0.5743819428555204,1.5007357441564413
1,Doctor Strange,0.569060773480663,0.4918051056386169,-1.0940490304743131,0.0144054405217054,-0.0,0.3398110123215498,0.7454194762741583,0.0203723693577548,-0.7853981633974483,0.3113782611061808,-1.273431181570973,0.083860067685825,1.3397056595989996,0.3692404133112021,1.2120256565243244,0.0107371814174545,1.1071487177940904,0.6666666666666666,0.4760666735842993,-1.0721435675293898,0.3537078475147134,0.960070362405688,0.2871848013008152,0.2624593998262764,0.4678977671564212,1.338692488719741,0.3987746194460144,-0.844153986113171,0.3729276120852123,-1.5263811115479855,0.3436078935289952,1.02624461863886,0.4032613757046655,0.9457736073733992,0.6521739130434783,0.4920196889020624,-1.026145540069879,0.0345726960217718,-0.3587706702705722,0.2836254511417312,0.2449786631268641,0.0057225133624956,-0.7853981633974483,0.3955163453280853,-0.8433043686455556,0.0057225133624956,-0.7853981633974483,0.3439463803443585,1.0808390005411683,0.0202321400202563,-0.9272952180016122
2,Doctor Strange,0.6572769953051644,0.4812832308606382,-1.05973901489685,0.0877267238750793,0.1798534997924782,0.2786342170117435,0.1697782739683384,0.1017781238684229,0.4808872801953358,0.3964238545187049,-0.8976009783947028,0.117566902804363,0.4487233440107211,0.353637729647353,0.982793723247329,0.1400333965615526,0.1973955598498807,0.611353711790393,0.4733423389436241,-1.1317916155887042,0.1084945842179467,-0.2782996590051113,0.262101110243112,0.099668652491162,0.1280368799328959,0.1460122577112754,0.3916438152908222,-0.9748783212785956,0.1446807676736614,0.2074962264352026,0.3555281202736657,0.9042385079652135,0.1602059306907238,-0.0,0.6371681415929203,0.4706177743259409,-1.1106948022211292,0.0134546735525431,0.5880026035475675,0.2690934710508623,0.0554985052457168,0.0118005293364161,-1.2490457723982544,0.3926048701693027,-0.9406024172503468,0.0105547143066827,0.7853981633974483,0.3500801604697497,0.9443511332261412,0.0118005293364161,-0.3217505543966422
3,Doctor Strange,0.6462882096069869,0.4453600241901836,-1.2438374861591823,0.2084050025804197,-0.4951332634684041,0.2716204304080942,-0.0405183524783469,0.2473614884444048,-0.270153199711405,0.3887758750413798,-1.0902726829471692,0.2992132171726752,-0.1973955598498807,0.3661109923591599,0.7357934995319935,0.3391626057196883,-0.3764903344465228,0.6379310344827587,0.4327991772472577,-1.3421095011226725,0.1475645657925393,-0.9075933340888034,0.2724205806185713,-0.1607627406258347,0.1564261894864042,-0.5364354576047312,0.3974917396327538,-1.1767084418596594,0.1821300362243337,-0.49934672168013,0.3555274201253939,0.7130608328588534,0.1826007040344621,-0.7431697612844465,0.6282051282051282,0.4353435385937166,-1.33589796738708,0.0228866810663987,-1.2490457723982544,0.2747593484035208,-0.2258116815433553,0.0036187020125835,-0.0,0.4112125848708083,-1.1347007990418492,0.0211004773571546,0.5404195002705842,0.3634949696237799,0.7572365964095559,0.0,1.570796
4,Doctor Strange,0.6455696202531646,0.4261253917936333,-1.4288992721907328,0.1199516519423115,-1.2397002500907646,0.2803158818930149,-0.2296424422851346,0.1229010869442688,-0.9907935525872156,0.3943129101234193,-1.183612252613574,0.1454703666920297,-0.8198672643969563,0.3346501923092929,0.6350267353903137,0.1763207147379486,-1.044169055361146,0.635593220338983,0.4268592374948828,-1.4194208830608703,0.0035760841603833,0.0,0.2750099398777464,-0.2229002323283757,0.0071521683207666,1.570796,0.3972029939785133,-1.2120256565243244,0.0035760841603833,-0.0,0.3434716674367504,0.6747409422235527,0.015172040159405,-0.7853981633974483,0.6271186440677966,0.4251136900695343,-1.4862525712818986,0.122105666594278,1.5413930385908916,0.2725641889783066,-0.2258116815433553,0.1253860019481284,-1.3397056595989996,0.4052649635999261,-1.2462446592761618,0.1169302373741331,-1.2587542052323633,0.3267498491469058,0.6215266244966219,0.1487490795258707,-1.4254863161591944
5,Doctor Strange,0.7395348837209302,0.4043127500104269,1.5245330643705397,0.1878024695576498,0.9551764373657868,0.3014986945482671,-0.1243549945467614,0.2294317750219039,1.2387368592520112,0.3713361370363658,-1.2426764317795913,0.2422403567879325,1.4157995848709557,0.3363589735724804,0.4984594104666788,0.2305869973050398,1.4243121484013357,0.7488584474885844,0.4033901250451677,1.4891599846658266,0.1480149950395652,0.9964914966201948,0.3034505508285688,-0.1572280509765689,0.1287566538581221,0.9670469933974604,0.3848841109802718,-1.252048766374252,0.1176991073555353,0.9397169393235674,0.3401282753285088,0.492485765871925,0.1258711312658635,1.120135000714263,0.7363636363636363,0.4034342951221197,1.507245655369439,0.0186633337247688,-1.373400766945016,0.3029338704300092,-0.206873948979743,0.0036601808788957,1.570796,0.4005850177744489,-1.2259285040139614,0.0197106772567762,0.3805063771123649,0.3446211424842763,0.5349550737860964,0.0081844132551559,0.4636476090008061
6,Doctor Strange,0.7235023041474654,0.4072340640550115,1.5341155390382448,0.1195328571304097,0.6747409422235527,0.2973063904442533,-0.1259126256857982,0.1426598606725462,0.8224182792713783,0.3972710725817603,-1.1955255039389392,0.1458009284288496,0.6947382761967033,0.34000178754575,0.5423027372156047,0.1419251268916172,0.6171913915403622,0.7096774193548387,0.4107344339445357,1.4975331930556572,0.0191626121865401,-0.1973955598498807,0.2928664864742895,-0.1546005454312008,0.0118841475829671,1.2490457723982544,0.3998799339609751,-1.1955255039389392,0.0053147523700308,-0.7853981633974483,0.3351666740379129,0.5288815507531247,0.0084033613445378,0.4636476090008061,0.6422018348623854,0.4209977903778229,-1.5341155390382448,0.0901071672570232,0.8156919233162234,0.2673289206251989,0.0867383386759851,0.1555921809166831,1.0516502125483738,0.4350421416118779,-1.0912770348023004,0.1698736021305033,0.3720677588581205,0.336575221082886,0.6389139850038872,0.1404976385461403,0.2782996590051113
7,Doctor Strange,0.7214611872146118,0.4121733495411752,-1.417463938396574,0.1448463302126474,-0.076771891269778,0.2936886100228983,-0.0883767861448488,0.2380644151327229,-0.2676163047847618,0.3592549331035061,-1.3208177053340742,0.0891817064029505,0.0831412318884412,0.3399772119246266,0.575918599618353,0.166802595695483,-0.0444152152469108,0.7363636363636363,0.4063460214107416,-1.435268612809396,0.0183009043944789,0.6435011087932844,0.2997104867436266,-0.1470783553884025,0.0163688265103118,-0.4636476090008061,0.3561113354148879,-1.3532422076608883,0.0081844132551559,-1.1071487177940904,0.3625242406926182,0.6132073488745093,0.0163688265103118,1.1071487177940904,0.7272727272727273,0.4155101065541591,-1.338692488719741,0.0724102426680317,-0.418224329579229,0.2968528619057287,-0.1366431624910871,0.1060978640536969,-0.2449786631268641,0.4060688265453184,-1.1111972786701187,0.2141292865335131,-0.2074962264352026,0.3657277084891938,0.6857295109062863,0.1317758128977577,-0.4012287990048487
8,Doctor Strange,0.652542372881356,0.4507279604744953,-1.1917519369450038,0.1185996806455728,-0.8913825213870482,0.276540391667189,-0.1546005454312008,0.185954717075148,-0.73139666302148,0.40475813050505,-1.0875433869368858,0.2072819302781985,-0.6640461628266846,0.3564531985948442,0.7572365964095559,0.216319059320663,-0.7157435896688801,0.6270491803278688,0.4632494319138939,-1.154094066055498,0.0987595619777767,-1.39408747072486,0.2677200045643446,-0.0519013984581729,0.0931689374265886,-1.1071487177940904,0.4099697922706953,-1.0957855705298,0.1328996100354689,-1.2242574623609548,0.336373700310793,0.7926973038411455,0.1258164008103952,-1.082462375738491,0.6302521008403361,0.4645118431220966,-1.1448021458062758,0.0128163003962753,0.982793723247329,0.2668083538141481,-0.03997868712329,0.0146560002136396,-0.2449786631268641,0.4056765161587005,-1.0679531158670357,0.0181249858398603,-1.373400766945016,0.3418706898577986,0.7706933410195969,0.0128163003962753,-0.5880026035475675
9,Doctor Strange,0.6443514644351465,0.4613948295257428,-1.1548939744667663,0.0990447590476926,-1.2827408797442708,0.2713934246345039,-0.0648440275532067,0.1101613906797057,-1.2793395323170296,0.3669013138345872,-1.0599734448370737,0.0676543565933129,-1.4141944498128811,0.3459198628008213,0.8213538837180479,0.1203061522576433,-1.3045442776439713,0.6596638655462185,0.4627781121878451,-1.1240962476004954,0.0078425704152414,0.4636476090008061,0.2776314234949327,-0.0632068318974602,0.0140292164534468,0.0,0.3717907795355852,-1.0902726829471692,0.0105219123400851,1.570796,0.349905224132608,0.820844303656163,0.004960077044483,-0.7853981633974483,0.6129032258064516,0.4649699451839409,-1.160079363680225,0.1463838575006222,1.40564764938027,0.2631066939003816,-0.1178721031972163,0.1809398266757719,1.321209401357912,0.3859195602183864,-1.0991807589325688,0.1842731663827212,1.4209838702219992,0.3587470052377018,0.8736040677941312,0.1882078167865143,1.40564764938027
10,Doctor Strange,0.6443514644351465,0.4572337276413335,-1.1760052070951352,0.1305154353226233,1.3258176636680326,0.2710285257472808,-0.0389413430970392,0.1007167799455915,1.1383885512243588,0.3826138516526516,-1.0619121100149225,0.1025426104068236,1.1839206090638683,0.3686168370102372,0.8393996637734166,0.1195842056908103,1.0808390005411683,0.6485355648535565,0.4499032503886533,-1.2120256565243244,0.0934737269949738,0.9723774333163594,0.2740198540940592,-0.0384425900211879,0.1020457204452902,0.8584387287005677,0.3889193051441199,-1.0303768265243125,0.0954953668772151,0.9420000403794636,0.3699352561691463,0.8055296715278508,0.1069976646200554,0.7157435896688801,0.6625,0.4476558366879624,-1.1974944359822377,0.0,1.570796,0.2784255426664151,-0.0624188099959573,0.015534150435602,-0.4636476090008061,0.380903577222299,-1.0663550349262252,0.007767075217801,0.4636476090008061,0.3733693729405133,0.798555298870204,0.0034735416346714,1.570796
11,Doctor Strange,0.6473029045643154,0.4461487867790621,-1.23670072055403,0.0795079325519166,0.5028432109278609,0.2727897710584074,-0.0895038183516103,0.1059406090479442,0.4783524313786575,0.3954741102673112,-1.0243346039836116,0.0801917209589966,0.6000502134017536,0.3743865077267306,0.7853981633974483,0.098337861496479,0.4002406570339741,0.6530612244897959,0.4487777399270318,-1.212916921885479,0.0076416071990087,-0.4636476090008061,0.2739279035628991,-0.0624188099959573,0.014090427459286,0.2449786631268641,0.3874377746130084,-1.0439917189558403,0.006834861261734,1.570796,0.3721392094913889,0.7853981633974483,0.0076416071990087,-1.1071487177940904,0.6482213438735178,0.4352085974490258,-1.316575782623213,0.1399317016964036,-0.0949517063427563,0.2753659604754161,-0.1572280509765689,0.1777763263176482,0.1498124565728973,0.3961338933905646,-1.129616846379916,0.2050192466089869,0.1624891092172033,0.3619307872028334,0.7205541358442416,0.19969174859205,-0.0831412318884412
12,Doctor Strange,0.6299212598425197,0.4332208710797129,-1.353795436087811,0.1089150510643548,-0.4089078289509254,0.2739078725770456,-0.2331798006468164,0.1254403226041918,-0.1869792699189111,0.4069233064108867,-1.140103815408389,0.1212570465546759,-0.2782996590051113,0.3541100629801474,0.7188299996216245,0.1207526664095928,-0.4266274931268761,0.6338582677165354,0.4331794519183375,-1.3462989706498203,0.0074355299704293,0.4636476090008061,0.275917279054732,-0.2186689458739419,0.0,1.570796,0.4075999918463726,-1.1326906071913796,0.0033252700925233,1.570796,0.3534810595024922,0.7188299996216245,0.0047026420634002,0.7853981633974483,0.6482213438735178,0.4264119864909992,-1.4145988169562278,0.0849489536993426,-0.8960553845713439,0.2824652020985378,-0.2734609870902443,0.0938690391601143,-0.5585993153435624,0.4028527064122045,-1.1734719636223254,0.1177778596472615,-0.5645693936681,0.3533180118714414,0.6923344346730304,0.1155145032540104,-0.6837093116343712
13,Doctor Strange,0.642570281124498,0.4246112875251585,-1.467168866798025,0.0770454755111757,-1.3045442776439713,0.2803276258470411,-0.2683662109059069,0.0985042414376905,-1.0303768265243125,0.4053415564397148,-1.204220936950718,0.0993695954668039,-0.9544993893988254,0.3338561289555049,0.6273081922757625,0.120737149052912,-1.257895098914512,0.6680161943319838,0.4209100439411664,-1.442473099109102,0.0150555634620518,0.4636476090008061,0.2890707391644581,-0.2591020177794102,0.0075277817310259,-0.4636476090008061,0.4019722667029575,-1.193400359558472,0.0,1.570796,0.3400858170952206,0.6237017162268915,0.0121381833176927,0.5880026035475675,0.6532258064516129,0.4197048522619941,-1.4983427307063082,0.1013313391661965,1.5374753309166491,0.2824830800647375,-0.2536740961386427,0.1080794981418078,-1.3182420510168371,0.4050018895254861,-1.204220936950718,0.1007108798227571,-1.3339475658479765,0.3324299042586038,0.6049024029354129,0.1126740699986133,-1.420424898787762
14,Doctor Strange,0.6465863453815262,0.4226530596542557,-1.4989203572385617,0.0047694271382083,-0.7853981633974483,0.2822034208307907,-0.2536740961386427,0.0033724942718022,-0.0,0.4014543293838229,-1.2012099524220767,0.0047694271382083,-0.7853981633974483,0.3312778309079992,0.6190660545826282,0.0033724942718022,1.570796,0.6506024096385542,0.4212740336575179,-1.52283313991782,0.0881049343714225,1.4559197213779975,0.2816864778439,-0.2536740961386427,0.0875242290989106,1.570796,0.4078247638620676,-1.2255514016862603,0.0777174514920385,-1.4840579881189115,0.3373378361281285,0.6295299619991258,0.0808616972724657,-1.5291537476963082,0.6929460580912863,0.4133685529214528,1.513009496023959,0.1570342798063986,0.9707461133931432,0.2953046543779656,-0.2449786631268641,0.1532859046697756,1.2068173702852525,0.3980439552932179,-1.230077857793828,0.1613093453494158,1.3360737143096997,0.3377149882426061,0.5767985905912906,0.1646283013593594,1.340891898662992
15,Doctor Strange,0.711864406779661,0.4074643159003323,-1.545378073535821,0.082342376215877,0.9944211062037128,0.2972907536117318,-0.2224472654259416,0.1172654749321306,0.8270407424960367,0.408472006828191,-1.2169712146209537,0.1149563683964067,0.7216548508647612,0.3447135836006173,0.5713374798336268,0.1098681938463802,0.8076167287241673,0.7106382978723405,0.4095380847217368,1.536910996890779,0.0219377914553504,-0.3217505543966422,0.2979827260625073,-0.2110933332227465,0.0049054392970377,0.7853981633974483,0.4032169650197714,-1.19188739241319,0.0049054392970377,0.7853981633974483,0.339734874385583,0.5596815660032787,0.0,1.570796,0.575107296137339,0.4365792318745831,1.4940244355251189,0.1084689822262456,0.5404195002705842,0.2494647880209063,0.3028848683749714,0.2009045914234098,1.570796,0.4493133463595663,-1.0886323157260815,0.138108596252294,0.4756952188549921,0.3225014693454073,0.6873528861036091,0.1424016149698346,0.3465388644339418
16,Hi,0.702020202020202,0.4429330226313874,-1.1781588290347698,2.0120865034571143,0.975386451316164,0.2733187119929807,0.0605320197821071,2.0219386233682,0.681126551469793,0.4271039337019529,-0.8264709419879024,1.846015832911776,0.5358112379604637,0.3447785909896151,0.9129077216126866,1.4661960592763523,0.735539319691105,0.7788461538461539,0.4573197937946678,-1.0403338232065944,0.0462994399790332,-0.960070362405688,0.2239154161696659,-0.0338853299041176,0.023071905584508,-0.1651486774146268,0.398716072577495,-0.6910842120702678,0.1053880221251833,0.5280744484263598,0.3575290375871036,0.852964330833947,0.0075859958265958,0.0,0.6774193548387096,0.4575330767790561,-1.140718191739034,0.0687811818080802,-0.3392926144540447,0.1796837174549692,-0.063743312532687,0.0511875337817839,1.1071487177940904,0.375782200703701,-0.7207402169734671,0.0345489520987752,1.460139105621001,0.3522075960136085,0.877445012260855,0.0542255090730458,-0.8850668158886104
17,Hi,0.5084745762711864,0.4488184798418214,-1.4527042983758027,0.0203400670881046,0.3805063771123649,0.2500855822470439,-0.4366271598135413,0.1722602406373886,0.9097531579442096,0.4210866530933698,-1.155304230854006,0.3205828121097943,0.6010737544977494,0.3144044343961333,0.8960553845713439,0.1298010874409169,0.1460122577112754,0.5397489539748954,0.4467829203336903,-1.4219063791853994,0.0116435029652835,-1.2490457723982544,0.2591562333984889,-0.3936982239600242,0.0303625410145043,0.2449786631268641,0.4163915923621103,-1.1902899496825317,0.0073639978626441,1.570796,0.310359968593687,0.844153986113171,0.0116435029652835,-1.2490457723982544,0.5477178423236515,0.4404848302004426,1.546008016757597,0.0406880756735893,1.3909428270024184,0.2847002543358297,-0.5667292175235064,0.1267484171404104,0.8870870151605253,0.4204084466749291,-1.2901185509887083,0.1367990952120337,0.49934672168013,0.3063247384304416,0.7601934180705066,0.1050351463152192,0.2449786631268641
18,Hi,0.5578512396694215,0.4366673245941099,-1.5625320521352457,0.0080692932043631,-0.4636476090008061,0.2903376100372791,-0.5638693587807003,0.0144347905082665,0.0,0.4209975385326455,-1.3195807383028326,0.0051034691267012,0.7853981633974483,0.3113116167287755,0.7853981633974483,0.0102069382534024,-0.7853981633974483,0.5732217573221757,0.4356162266300611,1.562463186354761,0.0413884726233726,-0.6610431688506868,0.2859424385071448,-0.5033993843966541,0.0292660696549405,-0.1243549945467614,0.419073515835578,-1.3258176636680326,0.0283512780381896,-0.6947382761967033,0.3189454226552843,0.7209713239718948,0.0130881842365381,-0.982793723247329,0.6470588235294118,0.4320705010407293,-1.3317581878464275,0.0463984088568775,-0.1526493283952651,0.2797727158313398,-0.2419205686844048,0.1907844485900067,0.3392926144540447,0.4042149751584661,-1.4042129301351334,0.1201459209029036,-0.0587558227157226,0.3428317354116678,0.705278070353634,0.1252672603304704,-0.1697782739683384
19,Hi,0.6540084388185654,0.4333671282647525,-1.3238413816559715,0.0049939485039369,-0.7853981633974483,0.2843482534175962,-0.2510026866430346,0.0035312548520302,0.0,0.4005756886785272,-1.4114446858909795,0.0078961258950156,-1.1071487177940904,0.3364157387711885,0.681298225287849,0.014125019408121,1.570796,0.6379310344827587,0.4745810032766094,-1.0934509444212248,0.0959374444049897,-0.4297622790966885,0.2708893647988492,-0.121027219809205,0.182021247741024,0.0599281551212078,0.4122343307644416,-0.9925733625563598,0.3576198107055664,0.0915798501426856,0.3517560306404254,0.99138950007328,0.2922063211536007,-0.3689595462058564,0.5418502202643172,0.467940664935809,-1.233340257567115,0.0677539428932448,-1.0303768265243125,0.209154696192321,0.0,0.1210657069433855,0.1283232276857948,0.4393860464474443,-0.9925733625563598,0.0659588172538331,0.8685393952858895,0.3288602429265646,1.012197011451334,0.019366175573363,0.9272952180016122
20,Hi,0.543859649122807,0.4654959299581478,-1.233340257567115,0.0086155689599447,-1.1071487177940904,0.1859446575649852,0.1037923404570428,0.0224666551543443,-0.5404195002705842,0.4147660531671528,-0.9570262317783284,0.0196465200027518,1.373400766945016,0.3248652196317201,0.9795042614277752,0.0038529995718547,-0.0,0.5818965517241379,0.4514023759176595,-1.2777585059663812,0.0620048849238278,0.99945884696127,0.257922800562993,-0.1888971808776226,0.1286246331105933,-1.396124127786657,0.3986994638498395,-1.1573157946482295,0.1565158687534496,0.6673061349783543,0.3253163907185537,0.8745917759891815,0.0984268831336485,0.5144513130590277,0.5889830508474576,0.4358099155243109,-1.4194208830608703,0.0381182893866346,1.2793395323170296,0.2726349547920377,-0.3556358843007598,0.112474289926175,0.9467732738181398,0.4081530430053455,-1.1952732971347029,0.1037829077023874,0.6857295109062863,0.3176430858430108,0.8097835725701669,0.0923655755649011,0.3217505543966422
21,Hi,0.5833333333333334,0.4378468277372642,-1.40564764938027,0.0080477847497456,-1.1071487177940904,0.2700268649079582,-0.3681307713251636,0.0050898659855928,-0.7853981633974483,0.3963891425501034,-1.2088375695571676,0.0050898659855928,-0.7853981633974483,0.3181268036686554,0.7933979927373349,0.0035990787537434,-0.0,0.5953488372093023,0.4490526977100136,-1.2912741745112564,0.0932996184130446,0.172190814522939,0.2745987883467164,0.3723984466767542,0.2939002515954071,1.1801892830972098,0.4280938996402896,-1.5241013227515663,0.0479581986682026,1.570796,0.2910880055861436,0.7756897305633393,0.2084328027379554,0.5667292175235064,0.6188340807174888,0.4741281707338789,-1.121536214183016,0.0674626169658888,0.7454194762741583,0.2641045446487474,0.0867383386759851,0.1618707610502107,-0.2621198412654728,0.3606460564891258,-0.9886587586359528,0.3449851150669082,0.4092458951990335,0.3544852313903118,1.015617750674292,0.1671301094948921,-0.4738513364947603
22,Hi,0.6,0.4789543197191487,-1.1178244687815455,0.0161690416690888,-0.7853981633974483,0.2591814386784098,-0.0147048223778514,0.0222222222222222,1.0303768265243125,0.396388928965651,-0.9907935525872156,0.0255654996282456,-1.1071487177940904,0.3333333333333333,1.0303768265243125,0.0241033842020729,1.2490457723982544,0.5947136563876652,0.479247936605532,-1.121282052287358,0.0037863036620233,1.570796,0.257468649017585,0.0,0.0037863036620233,1.570796,0.3917497944892278,-0.9988781269336344,0.0037863036620233,-0.0,0.3325055907607363,1.0460005551447893,0.0053546419900962,-0.7853981633974483,0.5921052631578947,0.454717893897283,-1.241171919374154,0.041685356659383,0.0906598872007451,0.2579891827894782,0.1025798524182946,0.1043840934690861,-0.2186689458739419,0.4156559548572947,-1.2088375695571676,0.178019925105089,0.3686959026580498,0.3444292590332604,0.9645586626078636,0.1320905202471997,-0.0
23,Hi,0.5707964601769911,0.4557440562757702,-1.2623783156924002,0.0163037458853334,0.7853981633974483,0.2505218500170629,0.076771891269778,0.0378474838439112,0.418224329579229,0.4176680427240061,-1.1236081366288702,0.0138555197356622,0.982793723247329,0.3283540061472141,0.960070362405688,0.0163037458853334,-0.7853981633974483,0.6008230452674898,0.4317977824802871,-1.4890119461769007,0.105824878908298,-0.0,0.2811615657298766,-0.4131288322784013,0.2345187983039249,0.7641247773733871,0.4071928413896964,-1.2627435457711202,0.2510477019844743,0.2995319890699231,0.3351678092198167,0.7109093731835666,0.2786945061547521,0.0126575518340519,0.6147540983606558,0.4310835753138347,-1.4162997098605157,0.0244396961292813,1.570796,0.2728869858310129,-0.2853294201821353,0.0706951613714683,0.9964914966201948,0.4040967254729478,-1.254510198882742,0.042617787147672,0.6107259643892086,0.3314058400299964,0.725767450266279,0.040716197844136,0.5404195002705842
24,Hi,0.6059322033898306,0.451524293261844,-1.243969673864956,0.0362392586335275,1.570796,0.2611490593078194,-0.0416425790985884,0.1362229827559499,1.0714496051147666,0.4090383411950539,-1.0516502125483738,0.1759377751617672,0.5651494400067594,0.3521926478119078,0.8655182564412627,0.1056546868984782,0.1030816085227002,0.6206896551724138,0.4470336181921796,-1.254227073182493,0.0186738439093811,-1.373400766945016,0.2637831402201014,-0.027770636593421,0.0081890222760052,1.1071487177940904,0.4076290969578782,-1.0226728186968124,0.0036622420956815,0.0,0.3496817989473021,0.8076167287241673,0.0163780445520104,-0.4636476090008061,0.6521739130434783,0.4642383454426296,-1.124690777851493,0.0407163963740285,-1.1071487177940904,0.2735220715178704,-0.0532828515596923,0.0637052230014602,0.5404195002705842,0.3959509923322739,-0.9751408114291862,0.0798705849786239,0.8176450458327023,0.3669719812373454,0.869704895923655,0.0485874747807528,0.2267988480538859
25,Hi,0.6609442060085837,0.4675619653029824,-1.110573361939985,0.0101270690904904,-0.7853981633974483,0.2757186390135668,-0.0129862829201724,0.0151906036357356,0.7853981633974483,0.3892834029960882,-0.9751408114291862,0.0035804596137152,0.0,0.36275905030957,0.8482523238230196,0.0050635345452452,-0.7853981633974483,0.6610878661087866,0.4437542440130714,-1.2341215074081695,0.107522958361886,-0.2292319332769953,0.2789000226516187,-0.1507463811204216,0.1555064310779358,0.1577687375959539,0.3901853719383005,-1.1952732971347029,0.2329918285666667,0.1503714280071345,0.3604698023503908,0.7580077549225858,0.1910783446342008,-0.1651486774146268,0.6074380165289256,0.4343437976637799,-1.3909428270024184,0.0714245621287746,0.1488899476094972,0.2770091380977347,-0.3378781882402784,0.171169917358262,0.3805063771123649,0.4121833352311397,-1.230077857793828,0.1524785967772116,0.2337431808689014,0.3382529783980224,0.7040962917890518,0.1353620211838072,-0.1308273960740569
26,Hi,0.610655737704918,0.4330029894544824,-1.4003356143519727,0.0034977652047422,0.0,0.2776485392626996,-0.3337021765375503,0.0049465869905431,-0.7853981633974483,0.3995574830578405,-1.213050246329726,0.007821240767137,1.1071487177940904,0.3422094498754829,0.7130608328588534,0.0110609047674705,1.2490457723982544,0.6129032258064516,0.431275967228906,-1.418753058931488,0.0220133538071697,-0.8960553845713439,0.2772796108662121,-0.3413558852538468,0.0185137026572669,-0.3805063771123649,0.3979072524384501,-1.254510198882742,0.0343790827585057,-0.0,0.3415834800272607,0.6998928697192437,0.0293735011849254,-0.3587706702705722,0.6942148760330579,0.4418663672741924,-1.1931430089883313,0.0365594079824154,1.1902899496825317,0.2880291269780545,-0.1418970546041639,0.1685305436130939,0.5991753229863068,0.3692631263571708,-1.2432318844164127,0.1280929284274929,0.5585993153435624,0.3752063849577786,0.7213831855631042,0.0892941910263143,0.1526493283952651
27,Hi,0.5541666666666667,0.4507958932834393,-1.3258176636680326,0.0109334063741311,1.570796,0.2442881749114067,-0.0298418846671093,0.1308460733924904,-0.2247111684146426,0.4189237216576148,-1.0915857720570787,0.003644468791377,1.570796,0.3479847508385032,0.8076167287241673,0.0081492799593955,-1.1071487177940904,0.6217391304347826,0.470684160904353,-1.124690777851493,0.0315474551364864,1.2120256565243244,0.2674852351702749,0.1106572211738956,0.1485224689243188,0.6086893073274118,0.4032107434058122,-0.9218007677983956,0.1833206393246827,0.5991753229863068,0.3650201596755397,0.8928958374231026,0.1195888378411554,0.1549967419239409,0.6327433628318584,0.4715610254982507,-1.1106948022211292,0.0074782686447067,1.570796,0.270487023052837,0.096917627794363,0.0052879344702069,-0.7853981633974483,0.4113047754588735,-0.9272952180016122,0.0052879344702069,-0.7853981633974483,0.3743805322703451,0.8773368222796695,0.0037391343223533,-0.0
28,Hi,0.6486486486486487,0.4786501537897343,-1.0682990169255338,0.0151164195860839,-0.0,0.2737700025233477,0.1106572211738956,0.0119505789897012,1.2490457723982544,0.4090171861361068,-0.9032702665946648,0.0203511026912144,1.1902899496825317,0.3689033595135489,0.9088546855893888,0.0203511026912144,0.3805063771123649,0.5826446280991735,0.4418798750261072,-1.3591386595462798,0.0722951718973052,0.3529903878269104,0.261518387332753,-0.248289909303068,0.2492643264540738,0.6635557263775311,0.4092904147859662,-1.1578863847395506,0.2985933837109786,0.4583000663916554,0.3435018175055455,0.7559948751934432,0.2295078384694607,0.0934767811585894,0.6188524590163934,0.4347176533828284,-1.3608228139327332,0.0474010917596427,0.628796286415433,0.2757335720527376,-0.2817718672733522,0.049897571706135,1.1383885512243588,0.3967390793475058,-1.2490457723982544,0.0842908461415736,0.5191461142465229,0.3391208863753256,0.6907909282777187,0.058419204705196,0.3028848683749714
29,Hi,0.6311475409836066,0.4330577768626107,-1.3529954362584775,0.0049013719389737,-0.7853981633974483,0.2775449196689711,-0.2782996590051113,0.0049013719389737,0.7853981633974483,0.3956624718375773,-1.2407357143854625,0.0049013719389737,0.7853981633974483,0.3492377983994214,0.7010914308712417,0.0098027438779474,0.7853981633974483,0.6228813559322034,0.4379039986535148,-1.3218336210021795,0.0467562379386072,0.0,0.2715637068997182,-0.1999929566061812,0.0612484646825945,0.702256931509007,0.4028550845304171,-1.215160442494137,0.0694625342054035,0.3708912888126623,0.349169971280734,0.7197989915664096,0.0741465029528421,0.2449786631268641,0.7608695652173914,0.4587895790892312,-1.0497793073411938,0.0587202643070289,0.7853981633974483,0.3107954861020069,-0.2017623443202871,0.2185090015933261,0.1911844595970144,0.3574829697071589,-1.120135000714263,0.2089010025194629,0.4636476090008061,0.3841985169791359,0.8045041185158891,0.1522848038334725,-0.022723360841641
30,Hi,0.6052631578947368,0.4686037320366344,-1.1501329776618616,0.0187609666451366,1.570796,0.2589285280820321,0.0144917390655,0.1394382893934324,-0.4154920959408906,0.4079550519793006,-0.9751408114291862,0.0053064026945563,-0.7853981633974483,0.3675234579505684,0.8721365020734334,0.0053064026945563,-0.7853981633974483,0.5964912280701754,0.4644727766752511,-1.1797481715245852,0.018833761073831,-0.6435011087932844,0.2574927128334228,-0.1025798524182946,0.0416051380743823,1.4801364395941514,0.4018261379949497,-1.0400228295919898,0.032402827751772,0.6202494859828215,0.3525889330823112,0.8610113066342782,0.0084227140066151,0.4636476090008061,0.5899581589958159,0.4424783863788206,-1.3574276846430886,0.0407712458217493,0.7853981633974483,0.2622792805923206,-0.2216495629786776,0.125095740068429,0.724250000748147,0.3975196467620557,-1.1801892830972098,0.1712043427863598,0.5295895987820763,0.3389971873195575,0.762845596747144,0.1328980019121282,0.2186689458739419
31,Hi,0.5991561181434599,0.442478113769958,-1.3397056595989996,0.0080933595893854,-0.4636476090008061,0.269035738768334,-0.300477168372581,0.0144778417665725,1.570796,0.4130786037781069,-1.1463443197211451,0.0180973022082157,0.0,0.3507143240876389,0.76350385227467,0.0072389208832862,-0.0,0.6040816326530613,0.4348173669895175,-1.417536124926442,0.0254342600741434,1.2924966677897851,0.2789686027261586,-0.3851575063634742,0.0720237347993435,1.1722738811284763,0.4032875192114843,-1.2627435457711202,0.0999212422837219,0.636508215787951,0.3372788661167955,0.6973907898697076,0.0564418742284891,0.3805063771123649,0.6122448979591837,0.4337894429605136,-1.4096054123566495,0.0034810257309235,-0.0,0.2799142985648431,-0.3689595462058564,0.0049229137996417,0.7853981633974483,0.3962869165213484,-1.2490457723982544,0.0077838101657709,1.1071487177940904,0.338734390901664,0.6907909282777187,0.0034810257309235,-0.0
32,Stop,0.6731707317073171,0.4308814743211073,-1.314428634477097,2.1853891169223703,0.9684136154113182,0.281580119103077,-0.1297025371559121,2.1123567697007952,0.6917949440046104,0.4163274312646431,-1.085413010952298,1.846249206607508,0.5825315335159572,0.3204738668291703,0.7853981633974483,1.6111592783794455,0.801382592315814,0.6575342465753424,0.4350135554845598,-1.3045442776439713,0.0277759581336254,-1.2924966677897851,0.2768409314920824,-0.1243549945467614,0.0152612850937998,0.0,0.4026926561470771,-1.0986743443911198,0.0120651052293959,-1.2490457723982544,0.3156587557671019,0.7768513629648368,0.010791358179447,0.7853981633974483,0.652542372881356,0.4444682297457399,-1.2288464998171864,0.077907712362738,1.0460005551447893,0.2798222806340363,-0.217293430923021,0.1260127462193472,-1.401018052826558,0.4035429653680018,-1.1543577096033046,0.1313461104692682,1.5437758776076318,0.354238356729379,0.8350028272629032,0.1545984150110892,1.4094212163742053
33,Stop,0.6846153846153846,0.434559673122172,-1.2513552371144752,0.0794049421448889,1.530817639671607,0.2869837894711154,-0.1778752630060765,0.1204319208036095,-1.2490457723982544,0.382383201903248,-1.241171919374154,0.1508072900269511,1.422946961536141,0.3642388180890068,0.7237479927581892,0.1376797841969249,1.1174576309403337,0.6937269372693727,0.4298038515760625,-1.2847448850775784,0.0218633729827246,-0.982793723247329,0.2860292815771947,-0.0849017934497219,0.0218633729827246,-0.5880026035475675,0.3854694044460986,-1.2341215074081695,0.0559055533538811,-1.3521273809209546,0.355341255964555,0.6400881527617461,0.0279527766769405,0.7086262721276703,0.6678966789667896,0.4341433437581552,-1.2915257943084246,0.006137106331399,-0.0,0.2803153128869268,-0.0876866551295004,0.018411318994197,-0.0,0.3914901449903972,-1.201934255976196,0.0043395895037951,0.7853981633974483,0.3498688910140741,0.6610431688506868,0.0030685531656995,0.0
34,Stop,0.6753731343283582,0.4361185152831269,-1.2535300472730704,0.0304544784778596,-0.418224329579229,0.2827615679632977,-0.098580513638803,0.0442733342481476,-0.2110933332227465,0.3941655088201562,-1.226716977795086,0.0352563197108336,-0.2662520491509253,0.3602891753962787,0.6881449651458825,0.0470987403437782,-0.4048917862850834,0.6417910447761194,0.4469753897624892,-1.2268272070715354,0.0198606696145587,-0.3217505543966422,0.2722614582941403,-0.127216217067888,0.0201073954672683,-0.6747409422235527,0.4000335265217562,-1.1844591119735823,0.0471037138785779,0.0,0.3665490908958916,0.7551044034786732,0.0533842090623883,-0.4899573262537283,0.6490566037735849,0.445453700611896,-1.2378102901402916,0.0134292389179214,-0.7853981633974483,0.2731162236499247,-0.0812163064507375,0.0070778303705344,1.1071487177940904,0.3897436712082205,-1.20537176232948,0.010009563702186,-0.3217505543966422,0.3628380551674126,0.7483780475235183,0.006330603936691,0.0
35,Stop,0.6360153256704981,0.4478044916434859,-1.2399136061788436,0.0161646471728189,-0.9272952180016122,0.2695766921746503,-0.0960887155173669,0.0102234205278218,1.2490457723982544,0.39143820432505,-1.181087755452031,0.0133297095388749,0.2449786631268641,0.3590880955643851,0.7535617899703337,0.0161646471728189,0.0,0.6307692307692307,0.4485933917867692,-1.2306992072851342,0.0065061381838269,1.570796,0.2683535544884203,-0.1093185338879,0.0065061381838269,1.570796,0.3872382176161416,-1.2012099524220767,0.0065061381838269,-0.0,0.3589596285100897,0.7597627548757708,0.0072740836250219,-0.4636476090008061,0.6398467432950191,0.4449721432984701,-1.2536328961876515,0.0136923508129281,-0.7853981633974483,0.2730089791901849,-0.1184899591581377,0.0133065731529216,-0.2449786631268641,0.3937460269728449,-1.1842017448450477,0.0096819541102066,-0.0,0.3517036371588907,0.746456820300409,0.0232725213273595,-0.5880026035475675
36,Stop,0.6425855513307985,0.4393888018435507,-1.2904966704564456,0.0202309392641486,-0.3217505543966422,0.2734172334108461,-0.1054893085250906,0.0326214093675478,-0.1973955598498807,0.4033270008317297,-1.18881719669726,0.033396372738126,0.2914567944778671,0.342450107501966,0.7126789348441943,0.0415843007315062,-0.3947911196997615,0.6577946768060836,0.4372349403067947,-1.2835148733977624,0.0,1.570796,0.2775333554107638,-0.091696156259863,0.0100454074130946,0.3217505543966422,0.3954370513284017,-1.1574659222555688,0.0158831837248595,0.6435011087932844,0.3518187938450666,0.695894345045838,0.0100454074130946,0.3217505543966422,0.6481481481481481,0.4358815841178636,-1.2964143754640274,0.0224119194147268,-0.5880026035475675,0.2749283676545981,-0.1019183674808738,0.0186478441456994,-0.0,0.3947616425226088,-1.1917519369450038,0.0324482014352493,0.2914567944778671,0.3442142619095085,0.695894345045838,0.0219766950832232,-0.1418970546041639
37,Stop,0.650375939849624,0.4367986578364329,-1.2855592171451309,0.0099659249609236,-0.3217505543966422,0.2759859552669185,-0.1144403052700634,0.009454506560053,0.0,0.3985497870537506,-1.1814796049617555,0.0169713586653399,0.3805063771123649,0.3551702416884332,0.7163258312333624,0.0140939462413308,-0.4636476090008061,0.6292134831460674,0.4424061164212068,-1.2875754476756884,0.0031700060456827,1.570796,0.2681607776821325,-0.1184899591581377,0.0095100181370483,-0.0,0.4008898485947728,-1.1814796049617555,0.0,1.570796,0.3524984006294405,0.7281359915500386,0.0063400120913655,0.0,0.6231343283582089,0.4466458816558509,-1.2535300472730704,0.0100143809624356,1.2490457723982544,0.2675358321040175,-0.1067356726491356,0.0141624733758474,-0.4636476090008061,0.393923029618563,-1.1395115153789352,0.0255317619720058,0.1243549945467614,0.3538351622638652,0.7727406115633964,0.0313499712184203,-0.7853981633974483
38,Stop,0.6067415730337079,0.4468741578734393,-1.2875754476756884,0.0194771348285749,0.1651486774146268,0.2603304315710331,-0.0862055736757788,0.0449425097877175,-0.0713074647852903,0.4086812854752719,-1.159731779405032,0.0416262761385592,0.3947911196997615,0.3486823237307943,0.7853981633974483,0.025616169931421,-0.0,0.6428571428571429,0.4401202235461752,-1.2717691332398957,0.0031623250954005,0.0,0.2745947233066616,-0.138639737134158,0.0282846955210768,-0.4636476090008061,0.3991175000464967,-1.1461360442451232,0.0158116254770028,0.6435011087932844,0.3557158922706159,0.7539619820411739,0.0070711738802692,-0.4636476090008061,0.654275092936803,0.4371310354995282,-1.2895641248766014,0.0342187988237685,-0.0,0.2743859527806565,-0.0680764582579994,0.0364109792306814,-0.348771003583907,0.4020520825487426,-1.1902899496825317,0.0571913601819062,0.3906070436976868,0.3489091798190775,0.6970213772525995,0.0537007322153767,-0.1746721990082397
39,Stop,0.6654275092936803,0.4357648428415702,-1.2827408797442708,0.0030948926585271,1.570796,0.280254449841573,-0.1106572211738956,0.013130517515334,-0.7853981633974483,0.3990851782783534,-1.1557215931002232,0.0180461702115816,0.5404195002705842,0.3538614244346472,0.692498638284034,0.0030948926585271,-0.0,0.6498194945848376,0.4339039004422242,-1.324125617905494,0.015135609575937,-0.6435011087932844,0.2730457255468817,-0.0665681637758238,0.0287178000210098,-0.3217505543966422,0.3895707149347528,-1.1801892830972098,0.0368265275206932,0.1651486774146268,0.3427605746775718,0.6664652690844591,0.03087070743113,-0.1973955598498807,0.6666666666666666,0.4349825006295092,-1.2867219485356112,0.0043102447283117,-0.7853981633974483,0.2779523065135452,-0.0658387693026938,0.0215512236415586,0.1418970546041639,0.392232270276368,-1.1801892830972098,0.0185390635667466,0.1651486774146268,0.3536633939960073,0.6693574141525441,0.0125664148328981,-0.2449786631268641
40,Stop,0.6436363636363637,0.4384962071095021,-1.2953702230988613,0.0061154930917147,1.570796,0.2732366452373115,-0.0896467163214865,0.0096694435924217,0.3217505543966422,0.3951952581093155,-1.1902899496825317,0.0061154930917147,-0.0,0.3496142411582505,0.692498638284034,0.0061154930917147,0.0,0.6185185185185185,0.4462830492648335,-1.2624378288744995,0.0229314420682877,-0.2782996590051113,0.2655066927354732,-0.0831412318884412,0.019921563841987,0.3217505543966422,0.4082827184684676,-1.183126748420898,0.037929527533639,0.0831412318884412,0.3566182508074667,0.7479157267057868,0.0512762632867897,-0.1853479499956947,0.6139705882352942,0.4508250812180822,-1.2380572037155209,0.026768983637344,-0.3587706702705722,0.2650364575203684,-0.1184899591581377,0.0435260349739557,-0.5280744484263598,0.3925728658326672,-1.1428478304734144,0.0474119910067834,0.132551532296674,0.3588975295406948,0.7853981633974483,0.0505192769519866,-0.5191461142465229
41,Stop,0.635036496350365,0.4423865100613987,-1.26666509429588,0.0137782355630068,-0.4636476090008061,0.2686755934786332,-0.0688564893010446,0.0217853032587169,-0.7853981633974483,0.3976757784365383,-1.173025478130882,0.0331823853321652,0.3805063771123649,0.351290970404977,0.7295556609172783,0.0413347066890204,-0.4636476090008061,0.6446886446886447,0.4439484038706243,-1.2534317091870464,0.0030786724055773,-0.0,0.2717789504804759,-0.0793783145595734,0.0068841207793237,-0.4636476090008061,0.3967189255395284,-1.1383885512243588,0.0165791582912113,0.3805063771123649,0.357444340514771,0.7366563120875167,0.0061573448111547,1.570796,0.6594202898550725,0.4329519517194867,-1.3020933021597254,0.0090742590602835,1.570796,0.2758501787827809,-0.0658387693026938,0.0151237651004725,-0.6435011087932844,0.3943911425026404,-1.16892567935444,0.0303983916365596,0.099668652491162,0.3509886702737956,0.6693574141525441,0.0436236084382613,-0.5880026035475675
42,Stop,0.6690909090909091,0.433406059672778,-1.2953702230988613,0.0,1.570796,0.2783098314669709,-0.0434508953915308,0.008548218521852,0.7853981633974483,0.3873201491133998,-1.170002878219662,0.006044503283866,1.570796,0.3549441234729638,0.6707516016847958,0.003022251641933,1.570796,0.6617647058823529,0.4382453151307155,-1.257895098914512,0.0061318544538716,0.0,0.2770214130490862,-0.0886558818674374,0.0165105234037301,-0.3805063771123649,0.3951241592439373,-1.1974944359822377,0.0122637089077432,0.0,0.3572298628523668,0.6881449651458825,0.0277631518454053,0.1106572211738956,0.6218181818181818,0.4511918494640511,-1.236059489478082,0.0277923428164385,0.0,0.2690671932135017,-0.1613751104206914,0.0371849027322625,-0.7266423406817256,0.3962447455127464,-1.1873956017589955,0.0433426800301123,-0.0713074647852903,0.3582124185229852,0.7610127542247297,0.0636615361197512,-0.3985224456664202
43,Stop,0.6290909090909091,0.447734421428796,-1.2490457723982544,0.0097333569875825,0.3217505543966422,0.2695454598248274,-0.1144403052700634,0.015389788680138,-0.6435011087932844,0.3916270341782298,-1.16693653188752,0.0097333569875825,-0.3217505543966422,0.3528257998751028,0.7483780475235183,0.0156945665580186,-0.1973955598498807,0.6507352941176471,0.4434009560351676,-1.2380572037155209,0.0043578673405493,-0.7853981633974483,0.2763382749353065,-0.1229718695642971,0.0123259101920553,0.0,0.3920748809803148,-1.16693653188752,0.0068903932684983,0.4636476090008061,0.3598474487845386,0.7429993454715085,0.0,1.570796,0.6476868327402135,0.4377775631613756,-1.2943710798401311,0.0333949854381698,-1.1071487177940904,0.2734476354155575,-0.1094509491413634,0.0348333871024359,-0.5404195002705842,0.3933016344617071,-1.2058035146001913,0.0449035287562944,0.0665681637758238,0.3438224186350437,0.6869520041848153,0.0555602640840224,-0.6327488350021832
44,Stop,0.6798561151079137,0.4319544702805849,-1.277360643079565,0.0029747547741129,-0.0,0.2844898450314544,-0.115276125970952,0.0151683326413551,0.1973955598498807,0.3938602282356875,-1.1916924733070886,0.0107256308699954,0.5880026035475675,0.3572803088068296,0.6851436878918729,0.0094070005666565,0.3217505543966422,0.6678700361010831,0.4386183236617761,-1.2577035647280017,0.0030021232519742,-0.0,0.281143673334096,-0.1177325748040936,0.0,1.570796,0.3875646937455204,-1.2147455047586144,0.0084912868377151,-0.7853981633974483,0.3525801728238155,0.6707516016847958,0.0127369302565727,0.7853981633974483,0.6606498194945848,0.4419730128391322,-1.2447354542644404,0.0183220725706266,-0.1651486774146268,0.2790897500266268,-0.1190002933827799,0.0212989767322825,-0.1418970546041639,0.3904283117746635,-1.183126748420898,0.0361455621113555,0.0,0.3548181952203671,0.7012599228662774,0.0324416348360276,-0.3805063771123649
45,Stop,0.6498194945848376,0.4451516323776055,-1.2382934986071532,0.0128429906022445,-0.7853981633974483,0.2741175480211823,-0.1106572211738956,0.0085619937348297,-0.7853981633974483,0.3833823315100782,-1.1990873766763115,0.0042809968674148,-0.7853981633974483,0.3579819649722178,0.7315580314241459,0.0256859812044891,-0.7853981633974483,0.644927536231884,0.4438946524247907,-1.2425382720678426,0.0030448772687993,1.570796,0.2720866617323894,-0.0896467163214865,0.008612213458595,-0.7853981633974483,0.3867473609880559,-1.1917519369450038,0.0,1.570796,0.3583394961644665,0.7132345344377907,0.008612213458595,-0.7853981633974483,0.6678832116788321,0.435791092703291,-1.26666509429588,0.0091049242376715,-0.0,0.2805505440139286,-0.097515803287546,0.012139898983562,-0.0,0.3945467169657681,-1.1760052070951352,0.0125135214483887,0.2449786631268641,0.3555586578821452,0.6947382761967033,0.0259308355958327,-0.3587706702705722
46,Stop,0.6764705882352942,0.4362237638034234,-1.2512532743312446,0.003045159607088,1.570796,0.2818048022790546,-0.108270590860456,0.0068091838837855,-0.4636476090008061,0.3879203472952885,-1.1844591119735823,0.0060903192141761,1.570796,0.3590965005898902,0.6893094478800814,0.003045159607088,0.0,0.6879432624113475,0.4266333864481652,-1.307547271619969,0.0471082523129968,-1.0516502125483738,0.2839300112356924,-0.0617769615603496,0.0479166512040984,-0.9151007005533603,0.3846890440797982,-1.2058035146001913,0.0481831035892456,-0.2449786631268641,0.3511916989665491,0.6318543808578923,0.0721564629002312,-0.5543074962015513,0.6811594202898551,0.4346559020974183,-1.2555816270441855,0.0149724759431433,-0.9272952180016122,0.2834033024698003,-0.1164914606946501,0.0276078815187116,-0.7086262721276703,0.3904344047215151,-1.2102303263167906,0.0269504566976579,0.0,0.3545664396340657,0.6536358969195218,0.0393864348247794,-0.1526493283952651
47,Stop,0.6498194945848376,0.4451516323776055,-1.2382934986071532,0.0128429906022445,-0.7853981633974483,0.2757174694750558,-0.154318775926119,0.0220377801908137,-1.2924966677897851,0.3856225407401805,-1.1844591119735823,0.0242169753214993,0.0,0.3602402266824117,0.7259445040887914,0.0470909655415635,-0.7853981633974483,0.6376811594202898,0.4463529981469328,-1.236059489478082,0.0043203094696668,0.7853981633974483,0.2717505564658979,-0.146666493797193,0.009660505658011,-0.3217505543966422,0.3908626740731004,-1.1946440585964817,0.0068310090604706,0.4636476090008061,0.3552124711444724,0.712357598094329,0.0091647603684775,1.570796,0.6272401433691757,0.4484056374069832,-1.2469044480479845,0.0060727189676624,-0.0,0.2705599057242419,-0.1577687375959539,0.0128821822868227,0.7853981633974483,0.3919844838743646,-1.2147455047586144,0.0194421870044787,0.6747409422235527,0.3544226293813357,0.7551044034786732,0.0182181569029872,1.570796
48,Victory,0.6928571428571428,0.4494894281019154,1.1538982563850029,1.9604310784733296,1.39924694900246,0.2599994431430434,-1.1273479903751584,1.3126768112932292,1.3681376576474205,0.4215897809445537,1.346085158380254,1.1112262035297222,1.517935564552382,0.297066448141367,0.3217505543966422,1.4325589591700931,-1.4805074970910366,0.6022099447513812,0.4581397493418079,-1.2229079355149013,0.9857412725296848,0.1106572211738956,0.0475651494154494,-0.099668652491162,1.1633044240102897,0.1758506099640679,0.3993913652778225,-0.8608847083313718,1.6190977525673431,0.0233875477790426,0.2257949930376546,-0.5763752205911837,1.3368018219433029,0.1564178166122919,0.4682080924855491,0.4650869136147302,-1.366778347202348,0.1688222709446092,1.446441332248135,0.164380965052803,-1.4108832036366774,0.3147946038956508,1.5042281630190728,0.4893214299112067,-1.1167178037017012,0.3049334013879015,0.9685089806599324,0.1194901014807386,-0.5028432109278609,0.2251639882284854,-1.5475447039844337
49,Victory,0.4510869565217391,0.4653933742113738,-1.3671378008173485,0.1191041127226253,-0.7853981633974483,0.0247703899333456,0.9272952180016122,0.0553882757201374,0.4636476090008061,0.4345209347703653,-1.0714496051147666,0.1199255301302765,-0.668289418830584,0.0977096909396499,-0.5317240672588056,0.1542938820467608,-0.8308214428190254,0.4585635359116022,0.4690146898755322,-1.3439974787410107,0.0224591544624395,1.1071487177940904,0.0150660588285547,-0.0,0.0050220196095182,1.570796,0.4229542410685002,-1.0487047129666092,0.0050220196095182,1.570796,0.1171326190322828,-0.5404195002705842,0.0158810204201071,0.3217505543966422,0.5111111111111111,0.4693002838912993,-1.2490457723982544,0.0846765923597366,0.1171087445668642,0.0633507099491171,0.8960553845713439,0.1095033995746365,-0.3217505543966422,0.4061247999956364,-0.9760370693115438,0.1535918173557859,0.2606023917473409,0.1221784130054973,-0.5543074962015513,0.1252444751015438,0.1586552621864014
50,Victory,0.5055555555555555,0.4719459409359302,-1.239079324992047,0.0099159467451429,-0.0,0.0467734272500783,1.012197011451334,0.0140232663707505,0.7853981633974483,0.4029402030778994,-0.9691426941365712,0.0070116331853752,-0.7853981633974483,0.1297625811809495,-0.7583777142101835,0.0252808029746153,1.373400766945016,0.4972972972972973,0.4760171536583147,-1.2393997693305772,0.0523522004041914,0.5880026035475675,0.0582808678814157,-1.4876550949064553,0.0775905036484018,-0.0624188099959573,0.3893689029864237,-0.9621070194674848,0.0521279929482118,0.3805063771123649,0.1512052665463641,-0.8760580505981934,0.0616026672554982,0.7853981633974483,0.521978021978022,0.4682624622626291,-1.242466919945238,0.0175621644091364,-0.982793723247329,0.0584504162633264,1.570796,0.0311887730886454,-0.8960553845713439,0.4214919458192758,-0.982793723247329,0.0068884476171624,0.7853981633974483,0.1310616543002929,-0.7328151017865066,0.0154030371314216,0.3217505543966422
51,Victory,0.518918918918919,0.4718790396305313,-1.2393997693305772,0.0047978878589246,0.0,0.0482181762262783,1.4711276743037347,0.0047978878589246,0.0,0.4072273564493224,-0.9697225722971472,0.0095957757178492,0.0,0.1459220624641967,-0.7621465405869854,0.0047978878589246,1.570796,0.4725274725274725,0.4628605422154498,-1.354455665421606,0.0662788985938616,-0.2267988480538859,0.0675695685517854,1.272297395208717,0.1394531698260426,-0.0713074647852903,0.4424701818164062,-1.066969348353607,0.1497777227724282,0.099668652491162,0.1520670346285824,-0.6696389456766376,0.1349563930887974,-0.1106572211738956,0.4644808743169399,0.4619691902503679,-1.4091749716118835,0.044603673004892,-0.0,0.0495596366721022,0.6435011087932844,0.0940327991365503,-0.3217505543966422,0.4414147498468141,-1.066969348353607,0.0695602648537902,0.0713074647852903,0.1507297504821287,-0.8086497862079113,0.0554093582695061,-0.1798534997924782
52,Victory,0.4644808743169399,0.4611976225440999,-1.4197809838735371,0.0049559636672102,1.570796,0.045691727358573,0.8621700546672264,0.0049559636672102,0.0,0.4414147498468141,-1.066969348353607,0.007008791032797,-0.7853981633974483,0.14735139317192,-0.7378150601204649,0.0110818716539012,0.4636476090008061,0.4426229508196721,0.4624204895045287,-1.4625257359344406,0.0509583561099474,-0.1973955598498807,0.0471404520791031,1.012197011451334,0.0651513171956989,-0.076771891269778,0.4581077074885605,-1.1071487177940904,0.0805722355626957,0.1243549945467614,0.1203407563046079,-0.7266423406817256,0.0509583561099474,0.1973955598498807,0.4054054054054054,0.4661166622053383,-1.5385494443596428,0.0316822365913909,-0.3217505543966422,0.0475233548870864,1.2490457723982544,0.0551034159484186,-0.0,0.4618439937137708,-1.1459641638755542,0.0803068144160644,0.0624188099959573,0.1264315765078823,-0.982793723247329,0.054184961360521,-0.5880026035475675
53,Victory,0.4064171122994652,0.4659204336942176,-1.5388922623098742,0.0110776551440274,1.1071487177940904,0.0577739808471596,1.0303768265243125,0.0099081559733382,-0.0,0.4657887247350646,-1.154731821071074,0.0070061242778014,-0.7853981633974483,0.1250352754250809,-0.982793723247329,0.0070061242778014,0.7853981633974483,0.4153005464480874,0.4660374260349697,-1.4840579881189115,0.030697150337428,1.40564764938027,0.0609780633286209,1.1441688336680205,0.0499585974004606,0.7853981633974483,0.4744859221940856,-1.154731821071074,0.0504658042863348,0.9272952180016122,0.0930543452381811,-0.7086262721276703,0.030697150337428,-0.1651486774146268,0.4444444444444444,0.4666195762361023,-1.3937231720160213,0.0547015739899229,0.7853981633974483,0.0493073324673135,1.373400766945016,0.1009573826346846,0.2914567944778671,0.4411506863254834,-1.092443895416239,0.1124588066444873,0.4444192099010989,0.1170425152264177,-0.9025069079643124,0.0966996347746304,0.6435011087932844
54,Victory,0.4540540540540541,0.4653128762129359,-1.3899967534909252,0.0202931448860698,1.3258176636680326,0.049218105788958,0.9272952180016122,0.024609052894479,-0.0,0.4360179740002889,-1.0768549578753157,0.0069604912721058,-0.7853981633974483,0.1283451174555575,-1.0040671092713902,0.0049218105788958,1.570796,0.4677419354838709,0.4654046053677358,-1.3385073378238748,0.0486994378047601,0.6435011087932844,0.0340896064633321,1.570796,0.0986088459229129,0.3529903878269104,0.431890161757132,-1.0516502125483738,0.0806119132910836,0.4366271598135413,0.1221375686483202,-1.1606689862534056,0.0895328270504679,0.3906070436976868,0.4731182795698925,0.4667751858888274,-1.3182420510168371,0.0108669977046077,-0.4636476090008061,0.0388789529261395,1.570796,0.0,1.570796,0.4309966917774412,-1.0516502125483738,0.0048598691157674,1.570796,0.1326486118573454,-1.0743735733900148,0.0175225072889433,-0.5880026035475675
55,Victory,0.4734042553191489,0.4688863249895047,-1.3009471708564273,0.0135980501793963,0.7853981633974483,0.0304061645625835,-0.3217505543966422,0.0586846853249699,0.6107259643892086,0.428770047474709,-1.041914776041772,0.0245142335840729,0.1973955598498807,0.1357252988756433,-1.1705556697609223,0.0322506077281153,0.4636476090008061,0.4864864864864865,0.4707134748742954,-1.2882413743253092,0.0048607302094367,-0.0,0.0307419571068147,-0.3217505543966422,0.0048607302094367,1.570796,0.4293155860387902,-1.036202003353901,0.0097214604188734,1.570796,0.1260982468858726,-1.089909046599561,0.0108689231685873,1.1071487177940904,0.4838709677419355,0.4686639184590915,-1.2882413743253092,0.0,1.570796,0.0282192757672248,-0.5404195002705842,0.0068441796862765,0.7853981633974483,0.4274462821830895,-1.036202003353901,0.0,1.570796,0.1298591791445427,-1.1071487177940904,0.0048395658678253,1.570796
56,Victory,0.4699453551912568,0.4678223720590415,-1.3360737143096997,0.0178315737905373,-0.5880026035475675,0.0197823549612313,0.0,0.0534947213716119,-0.5880026035475675,0.4404906821839306,-1.066969348353607,0.0497025517133098,-0.099668652491162,0.1207372080222282,-0.960070362405688,0.0497025517133098,0.099668652491162,0.4696132596685083,0.4638968852148494,-1.3755149286999973,0.0158141560203421,-0.3217505543966422,0.0070723055736545,0.7853981633974483,0.0522106702114555,-0.2914567944778671,0.445414905513184,-1.066969348353607,0.0364069212151938,-0.2782996590051113,0.1421515827395754,-0.8850668158886104,0.0585337438552276,-0.348771003583907,0.4555555555555555,0.4621442889724748,-1.3948567013423687,0.0357489571287595,-0.1418970546041639,0.0159874196529264,0.3217505543966422,0.0657236580158418,-0.0,0.4544759731636073,-1.0971987974012851,0.0556123260134046,-0.0,0.1501456199407899,-0.7853981633974483,0.0608782803124584,-0.0831412318884412
57,Victory,0.4581005586592179,0.4634172833265366,-1.40564764938027,0.0050790221385788,1.570796,0.0113570387610886,-0.4636476090008061,0.0050790221385788,1.570796,0.4520615032652364,-1.092074482799131,0.0050790221385788,-0.0,0.1653609803950868,-0.8288490587889791,0.0143656439839427,-0.7853981633974483,0.441340782122905,0.461800276444453,-1.482140444927459,0.0275233751361097,-0.3805063771123649,0.0161622823892119,-0.3217505543966422,0.0672242153996258,-0.1526493283952651,0.4617154204838351,-1.112099172402934,0.0664425118977589,-0.0,0.131898484362432,-0.9505468408120752,0.0260608972845225,0.1973955598498807,0.4438202247191011,0.4593423403405481,-1.4700153277102288,0.0051349616596309,-0.0,0.0145238648426319,0.7853981633974483,0.0114821233327899,-1.1071487177940904,0.4777446465051571,-1.1263771168937975,0.0102699233192619,1.570796,0.1140146517085363,-0.9453112865556677,0.0145238648426319,-0.7853981633974483
58,Victory,0.4011299435028249,0.46670856221591,1.559560844536934,0.0117250135057577,-0.4636476090008061,0.0104871708943909,1.570796,0.052697381553034,-0.099668652491162,0.4840315070969286,-1.1701719399255743,0.0838973671551275,-0.0,0.1353210827469198,-0.9505468408120752,0.0763477565388303,-0.2782996590051113,0.3571428571428571,0.4731682467975889,1.4722158131560936,0.0439062917681071,-0.7853981633974483,0.0517440610766394,-0.0,0.1280077375904375,-0.2449786631268641,0.491159904602299,-1.2823667682765016,0.1194604414700822,0.0867383386759851,0.1807342354170246,-1.1583858851975093,0.1027090285973428,-0.8567056281827385,0.358695652173913,0.4746256933972574,1.4410937896389846,0.0102312833202666,-0.0,0.0666998068297921,0.076771891269778,0.0421846618150795,0.2449786631268641,0.4851236108734151,-1.3258176636680326,0.0471638857131787,0.2186689458739419,0.1854376000914799,-1.1441688336680205,0.0306938499607999,-0.0
59,Victory,0.3532608695652174,0.4754413571892353,1.4410937896389846,0.0,1.570796,0.051499915292907,-0.099668652491162,0.0184764063030183,0.5880026035475675,0.4872255371340959,-1.3156139361740782,0.0051244331009106,0.0,0.1817549085278903,-1.1955255039389392,0.0102488662018213,0.0,0.3529411764705882,0.4785281523855794,1.4333701812979531,0.0050427290565929,-0.0,0.0909090909090909,-0.0554985052457168,0.051425947722658,0.1973955598498807,0.4831029183849608,-1.3283493038290413,0.02139448746962,0.7853981633974483,0.1827945810695829,-1.1441688336680205,0.0225517699253106,0.4636476090008061,0.3529411764705882,0.4778634373093438,1.4438235371808177,0.0071314958232066,-0.7853981633974483,0.0813115628181741,-0.1243549945467614,0.0142629916464133,0.7853981633974483,0.4831029183849608,-1.3283493038290413,0.0050427290565929,1.570796,0.1782160663532355,-1.1324597669369387,0.0,1.570796
60,Victory,0.3636363636363636,0.4776202806868923,1.422946961536141,0.0605166384677166,0.7266423406817256,0.1115871677518069,0.1355277139855007,0.1075532489576756,0.6528466311007742,0.4853055022930466,-1.2981865068142746,0.0568585499604872,0.7853981633974483,0.2006480547024655,-1.1856388204314223,0.0573010356219948,0.2662520491509253,0.3548387096774194,0.4744985787246867,1.453063751990803,0.0417820337541064,0.2449786631268641,0.0964027459301831,-0.0525830616109417,0.0182686642997449,-0.982793723247329,0.4951240999051037,-1.2587542052323633,0.0071655596732057,0.7853981633974483,0.1885645312895937,-1.034985088834433,0.0548059928992348,0.5880026035475675,0.3809523809523809,0.471819215853229,1.47634139139985,0.0300754866616358,0.1651486774146268,0.0792644340626548,0.0624188099959573,0.0252114878074916,1.373400766945016,0.4838676029971086,-1.1940849978768333,0.0110559687801109,-0.4636476090008061,0.1824067326347904,-0.9978301839061904,0.0316594765349597,0.6747409422235527
61,Victory,0.3756613756613756,0.4726461021353044,1.47634139139985,0.0049530448171898,1.570796,0.1050699473326747,0.1418970546041639,0.0252556721745506,0.1973955598498807,0.4939405163560205,-1.201462669121271,0.0049530448171898,1.570796,0.1694201993992355,-0.9097531579442096,0.0156629029752122,1.2490457723982544,0.3842105263157894,0.4673820878849506,1.5182132651839548,0.0208441421991397,0.7853981633974483,0.1032901503037647,0.0475831032769833,0.0069480473997132,-0.7853981633974483,0.4826267966827933,-1.1846189329727008,0.0109858275369521,-0.4636476090008061,0.1799128418688835,-0.960070362405688,0.0049130114323427,0.0,0.3717277486910995,0.472039867725917,1.5083775167989393,0.0049075063242768,1.570796,0.0937577766792074,-0.1048769387302338,0.0069402620012239,0.7853981633974483,0.4711461663660256,-1.1864214970261049,0.0098150126485536,-0.0,0.1851892882747032,-1.012197011451334,0.0,1.570796
62,Victory,0.4108108108108108,0.4654240910292324,-1.5278120669271256,0.0474335719865815,-1.2490457723982544,0.08514586751294,-0.0587558227157226,0.0827636922465469,-0.4366271598135413,0.4609714607573978,-1.1459641638755542,0.0751655423284576,-0.0665681637758238,0.145342601766319,-0.712357598094329,0.1097711198700781,-1.0460005551447893,0.4143646408839779,0.4662584772896399,-1.4831096716653962,0.0322807462658796,-0.3217505543966422,0.0841778874793036,0.2449786631268641,0.0616722791463853,-0.4266274931268761,0.4566613315344927,-1.1321435114130107,0.0532876808379641,0.2914567944778671,0.1235555842097507,-0.9025069079643124,0.0867685803546317,0.0,0.425414364640884,0.4688817446464,-1.4074301786866208,0.0610073107237749,0.0,0.0397068607340249,0.6947382761967033,0.1475219623901424,-0.034469100999508,0.4433536051841409,-1.1071487177940904,0.1028163753019934,0.1488899476094972,0.0595060220318177,-0.348771003583907,0.1396002860142476,-0.5779019369622457
63,Victory,0.4375,0.4638394108434717,-1.4130275891989426,0.0260271970142667,1.570796,0.0658441789400134,0.3217505543966422,0.0368080150081325,0.1418970546041639,0.440036702044792,-1.0912770348023004,0.0073616030016265,-0.7853981633974483,0.0839351883179059,-0.5191461142465229,0.0232794327150719,-0.4636476090008061,0.4742857142857143,0.4723240904111114,-1.2939981681629065,0.0467530813505389,0.1106572211738956,0.0489806526536941,0.3217505543966422,0.1191974370634945,0.0867383386759851,0.4259095495455495,-1.0366137518895122,0.1215229197059612,0.2140606835638215,0.1316315487913217,-0.7298996581517315,0.0930775607684314,0.5880026035475675,0.4797687861271676,0.4689848240286787,-1.312341390586878,0.0147405910203677,-0.7853981633974483,0.0653009845923763,0.49934672168013,0.0233069208406937,1.1071487177940904,0.4299163560799391,-1.0366137518895122,0.0052115859345997,1.570796,0.1511359921033937,-0.7610127542247297,0.0147405910203677,-0.7853981633974483
