,Label,Size_Ratio,0_dist,0_angle,0_distC,0_angleC,1_dist,1_angle,1_distC,1_angleC,2_dist,2_angle,2_distC,2_angleC,3_dist,3_angle,3_distC,3_angleC,4_dist,4_angle,4_distC,4_angleC,5_dist,5_angle,5_distC,5_angleC,6_dist,6_angle,6_distC,6_angleC,7_dist,7_angle,7_distC,7_angleC,8_dist,8_angle,8_distC,8_angleC,9_dist,9_angle,9_distC,9_angleC,10_dist,10_angle,10_distC,10_angleC,11_dist,11_angle,11_distC,11_angleC,12_dist,12_angle,12_distC,12_angleC,13_dist,13_angle,13_distC,13_angleC,14_dist,14_angle,14_distC,14_angleC,15_dist,15_angle,15_distC,15_angleC,16_dist,16_angle,16_distC,16_angleC,17_dist,17_angle,17_distC,17_angleC,18_dist,18_angle,18_distC,18_angleC,19_dist,19_angle,19_distC,19_angleC,20_dist,20_angle,20_distC,20_angleC
0,Stop,0.6549707602339181,0.4599556195456876,-1.154731821071074,2.3786624771262836,1.0187371405696886,0.3674242756008721,-1.5175134752352042,2.4260265625369266,0.9486715499958329,0.25630729731502827,1.1583858851975093,2.396459436202625,0.8750125726727793,0.2233256743561125,0.5028432109278609,2.3633605852584347,0.8102832156406522,0.27395411216147253,0.0,2.34300008444647,0.7543889040926766,0.03459193043630666,0.7853981633974483,2.186106006373449,0.840808895449324,0.1910401799752175,-0.8760580505981934,2.131985733676746,0.7529420321684289,0.31632235153805605,-0.8839786770362513,2.1258704374134987,0.6941490010733964,0.4197185903744308,-0.8596416150490297,2.1378260796927515,0.6457894343185052,0.07122914432699287,0.27829965900511133,2.0916936873624263,0.85988695361133,0.21547191016658948,-1.5253730473733196,2.0032341924665666,0.7664021757281991,0.34289659995069643,-1.3258176636680326,1.979311447546811,0.697902822595057,0.442614530209435,-1.2210810364283888,1.9812752754535068,0.6435011087932844,0.17184914534072515,0.08550529367820464,2.0299834567673973,0.8998190100074376,0.2500209396519599,1.0370881351556351,1.9069223262017794,0.8162413738103816,0.3406558793622544,1.3536850120599915,1.8620871818926117,0.7519533898245739,0.4159382968018695,1.5472712558096797,1.8546566007907037,0.6957514470759618,0.2746520855529773,-0.07130746478529032,1.9955256879653098,0.9508318222805643,0.28879600948823103,0.4560719963496107,1.8871094940229338,0.8992942396426643,0.3011286654177794,0.7509290623979403,1.8518802155256313,0.8564394583726815,0.30804303424830937,1.0004130451449549,1.8480380691527145,0.8153517487063718
1,Stop,0.6737967914438503,0.4701117050684905,-1.0902726829471692,0.11087046853244996,-1.2870022175865687,0.3159944506957183,-1.48648959426869,0.17471159663913746,-1.1525719972156676,0.187105207670281,1.0222469243443686,0.21254768139168634,-1.1631648213372698,0.19693791217748607,0.13552771398550073,0.23416514886646192,-1.1410340476982082,0.2882632181843699,-0.24870998909352285,0.2400134391621935,-1.0906212971913698,0.032285967775690136,-1.2924966677897853,0.2061594550742482,-1.2422431562434455,0.19833112346864756,-1.1071487177940904,0.19498077899979954,-1.2706251559647845,0.3097078775505317,-1.0623070027152066,0.19683801974794118,-1.3203532371835447,0.4137474358858722,-1.0303768265243125,0.2131021545461233,-1.361156480920684,0.10735559472680697,0.668289418830584,0.19922161440758115,-1.277207339386147,0.22894147728113318,1.415201498817867,0.176559263053645,-1.368474698416593,0.32844616106129365,-1.5302779743165498,0.16945418617291583,-1.4659193880646628,0.41927218264855737,-1.3899967534909252,0.17827750700904313,-1.4711276743037347,0.19518241377860185,0.3720677588581205,0.20654070265847432,-1.3101939350475558,0.26701144656570225,1.0104364498900535,0.1809601689640559,-1.2722973952087173,0.34790015330307866,1.2732346020570908,0.17855309460129853,-1.319793640151862,0.41481560177891275,1.4636810034426648,0.1828522610084041,-1.3258176636680326,0.2836204411300549,0.17286060678714493,0.2140690267993746,-1.3408918986629919,0.3201988270105929,0.6379609992695103,0.22482387857874808,-1.3114645823942117,0.3504629364707613,0.901984168858764,0.23882229811658517,-1.3078015951139772,0.37695959301032983,1.1334584350470127,0.2582877422055211,-1.2924966677897853
2,Stop,0.6287128712871287,0.4651258066953049,-1.1434231216511392,0.07693658689489122,-1.0584068664841588,0.36130237470631027,-1.5011417530663285,0.04191002940465273,-0.9272952180016122,0.23829823070412007,1.1543577096033046,0.04148881238846057,-0.7853981633974483,0.2081203279967476,0.43662715981354133,0.04455097235874553,-0.851966327173272,0.2683551250724553,-0.031239833430268277,0.0477847855923673,-0.9097531579442097,0.02256924154159081,0.3805063771123649,0.06975219039009337,-0.9994588469612699,0.18272965067258587,-0.9318823417910096,0.09066525598480737,-0.982793723247329,0.3011112388300293,-0.9634911016286458,0.10351013691741995,-1.0164888305933455,0.40104635419047796,-0.9712000398258789,0.10502623265788799,-1.0714496051147666,0.07705065157856963,0.3906070436976868,0.07124704998790964,-1.0808390005411683,0.20959205286250335,1.550798992821746,0.10709632200726378,-1.0370881351556351,0.3307442231837841,-1.4181469983996315,0.12944704858445824,-1.0636978224025597,0.43412802903312675,-1.346891826664547,0.13931539304729526,-1.201462669121271,0.16537211159189205,0.15264932839526515,0.06397288344094187,-1.0191413442663497,0.2443753653700821,1.0303768265243125,0.09810886348617914,-1.2220253232109897,0.3344934991465711,1.3045442776439713,0.11000883778485765,-1.2610933822524404,0.412851017678747,1.4691074750318196,0.12001206035449365,-1.35970299357215,0.26433237309062335,-0.047583103276983396,0.04533262799240369,-0.982793723247329,0.27562018598648674,0.4908517803980192,0.052513116328943996,-1.0714496051147666,0.30227563311592703,0.7853981633974483,0.053012459889333285,-1.2490457723982544,0.3399882522423852,1.04094725733883,0.06718688823926929,-1.5083775167989393
3,Stop,0.6268656716417911,0.47138567328004755,-1.127146051767241,0.005961417371477912,-0.7853981633974483,0.3595184471885949,-1.4886288044331966,0.0,1.570796,0.23800916860632076,1.1705556697609225,0.004215358648855315,1.570796,0.20551764833212088,0.4453010438876859,0.004215358648855315,1.570796,0.26570138208782107,-0.0317353735284579,0.004215358648855315,1.570796,0.01738036895909141,0.24497866312686414,0.0,1.570796,0.18130943107347375,-0.9505468408120751,0.004215358648855315,1.570796,0.2969958749629551,-0.9670469933974603,0.00843071729771063,1.570796,0.3964454607166659,-0.9591992824866347,0.013330134484872727,1.2490457723982544,0.07749842582921285,0.3906070436976868,0.005961417371477912,0.7853981633974483,0.2151485357671267,1.5316007248678418,0.0,1.570796,0.3320514827270978,-1.4306946023982663,0.004215358648855315,1.570796,0.4316164983841756,-1.3542460218188075,0.00843071729771063,1.570796,0.17050070559664013,0.14888994760949725,0.004215358648855315,1.570796,0.2421906055682594,1.0214218420233456,0.009425828488382151,1.1071487177940904,0.332372408848457,1.3012072488739705,0.009425828488382151,1.1071487177940904,0.41988865666839786,1.460139105621001,0.0,1.570796,0.26570138208782107,-0.0317353735284579,0.004215358648855315,0.0,0.28094661771931884,0.4837791171312087,0.004215358648855315,1.570796,0.3070274637497967,0.7756897305633393,0.004215358648855315,1.570796,0.34411374901393593,1.0303768265243125,0.004215358648855315,1.570796
4,Stop,0.6359447004608295,0.4647136212680726,-1.1483239344091811,0.016033020528486555,1.3258176636680326,0.375323387896685,-1.4670039863378537,0.027496403361962435,-1.4288992721907328,0.237585473232295,1.2024474053859335,0.008695126208651253,0.4636476090008061,0.2104507965052312,0.4801750296035269,0.023331471930581067,0.0,0.2685654104204276,0.04345089539153084,0.03135072339192289,0.12435499454676144,0.01944289327548422,0.6435011087932844,0.010998561344784975,-0.7853981633974483,0.17584804489049327,-0.9582587701845933,0.02608537862595376,-1.1071487177940904,0.28691281480830777,-0.9978301839061905,0.03206604105697311,-1.3258176636680326,0.3808624091168618,-1.011114760791618,0.03888578655096844,1.570796,0.08016510264243278,0.24497866312686414,0.008695126208651253,1.1071487177940904,0.20741111363017353,1.458068715204519,0.024593530821640706,1.2490457723982544,0.32333712734208586,-1.5106280756398869,0.038298058225148354,1.1525719972156676,0.4229980060729593,-1.4510023040421411,0.05402186116450296,1.042721878368537,0.1714946952419271,0.06807645825799948,0.008695126208651253,0.4636476090008061,0.23958189176207928,0.9467732738181398,0.024899052235614633,0.8960553845713439,0.3272418575038762,1.21897964734921,0.03585092378634554,0.8621700546672264,0.40800437855644944,1.3790081848081917,0.04133615810796706,0.851966327173272,0.2696891199744026,-0.10110337173629852,0.016033020528486555,-0.24497866312686414,0.28672829646466386,0.3603579705247931,0.03135072339192289,-0.12435499454676144,0.3119115208172541,0.6260465224935314,0.042774365206065285,-0.0,0.3445947738915053,0.8572741329537832,0.05457880229085585,0.07130746478529032
5,Stop,0.6441441441441441,0.45796128219235493,-1.1626472230398073,0.02142179280420983,-0.7853981633974483,0.36072829802327094,-1.4972450363063567,0.00846770710318856,-0.4636476090008061,0.2342052062675451,1.1722738811284763,0.013653767440600926,-0.5880026035475675,0.20831247893940014,0.47177751118075006,0.01693541420637712,-0.4636476090008061,0.272891486198793,0.04164257909858842,0.010710896402104915,-0.7853981633974483,0.018934368696287448,0.0,0.01561368041783634,0.24497866312686414,0.18590426204946991,-0.9884433806509134,0.01693541420637712,0.4636476090008061,0.2974564614601123,-1.0216434241158858,0.018934368696287448,0.6435011087932844,0.38707703634810336,-1.0370881351556351,0.022081078605463367,0.5404195002705842,0.0815717567588451,0.3805063771123649,0.019309343091986012,0.19739555984988078,0.21704436361168475,1.4659193880646628,0.020392939189711273,0.3805063771123649,0.32980604976112343,-1.524851670986777,0.023950292455064512,0.3217505543966422,0.42240195906965733,-1.472019734727234,0.026777241005262287,0.1418970546041639,0.16769481011107637,0.1131509815904845,0.018934368696287448,-0.0,0.23860309823386547,0.9431669009934023,0.023034653688125763,-0.16514867741462683,0.32489964298289276,1.2011120379995952,0.026777241005262287,-0.1418970546041639,0.40787636353535106,1.346085158380254,0.034081863653317404,-0.0,0.26640327050698726,-0.09966865249116204,0.023950292455064512,-0.3217505543966422,0.2863287262981745,0.3510308867424203,0.02756885695862514,-0.27829965900511133,0.3130304140108337,0.6047795528131809,0.03122736083567268,-0.24497866312686414,0.3484746976298516,0.8315192794119595,0.034291600178475136,-0.11065722117389563
6,Stop,0.6409090909090909,0.4608388029222566,-1.151728827095076,0.015307703966800418,1.570796,0.3613761168398302,-1.4753426124621825,0.015778820085201144,1.3258176636680326,0.2281438548116203,1.174714885230589,0.019134629958500522,1.570796,0.2020674906512874,0.4297622790966885,0.022961555950200628,1.570796,0.27173869425733066,-0.01408357582286019,0.02678848194190073,1.570796,0.015307703966800418,0.0,0.011480777975100314,1.570796,0.18377215793193566,-1.0232340908548991,0.012101802570670962,1.2490457723982544,0.29667933682876946,-1.043650383208487,0.012101802570670962,1.2490457723982544,0.3892380705145001,-1.0455527271406917,0.011480777975100314,1.570796,0.08243450868004684,0.3805063771123649,0.012101802570670962,-1.2490457723982544,0.21269585069868902,1.4263547484202526,0.005412090639660395,0.7853981633974483,0.3253787421523897,-1.5472712558096797,0.005412090639660395,0.7853981633974483,0.42269779164385035,-1.4801364395941514,0.007653851983400209,1.570796,0.16907911665754013,0.09065988720074511,0.00855726666230223,-1.1071487177940904,0.2403358272942803,0.9209258773829491,0.007653851983400209,1.570796,0.32973803472018737,1.1902899496825317,0.011480777975100314,1.570796,0.41592189458209505,1.3481353861585317,0.015778820085201144,-1.3258176636680326,0.2616061527893095,-0.10257985241829468,0.016236271918981183,-0.7853981633974483,0.28576658579374925,0.3556358843007598,0.013798177890480602,-0.982793723247329,0.31853268547880675,0.6146629519221656,0.015778820085201144,-1.3258176636680326,0.354997668595018,0.8387825068881836,0.015778820085201144,-1.3258176636680326
7,Stop,0.6438356164383562,0.462327423608083,-1.151728827095076,0.0038392878873526556,1.570796,0.36219769489818415,-1.4858945333451747,0.005429573000148874,-0.7853981633974483,0.23242758416640305,1.181087755452031,0.0,1.570796,0.20434968188971814,0.44684246848576414,0.0,1.570796,0.27258944000203855,0.0,0.0,1.570796,0.015357151549410622,0.0,0.0038392878873526556,1.570796,0.18109884744909208,-1.0121970114513341,0.0,1.570796,0.2943259294040439,-1.0370881351556351,0.0,1.570796,0.38913412946477305,-1.032068872286851,0.0038392878873526556,0.0,0.0813530517891357,0.33667481938672716,0.0,1.570796,0.20958433103712454,1.423717971406494,0.0,1.570796,0.32259158120249837,-1.5469913006098266,0.0,1.570796,0.42023983067471876,-1.4793093099233887,0.0,1.570796,0.16962528305889704,0.09065988720074511,0.0038392878873526556,1.570796,0.2388086445331342,0.933725997519213,0.005429573000148874,-0.7853981633974483,0.32581962330892267,1.1968544068111506,0.0038392878873526556,0.0,0.4135217833710416,1.346085158380254,0.0,1.570796,0.2624512038746612,-0.10257985241829468,0.0038392878873526556,1.570796,0.285375588370659,0.3430239404207034,0.0,1.570796,0.3173630703410847,0.6047795528131809,0.0,1.570796,0.3530892692712794,0.8161576894679176,0.005429573000148874,-0.7853981633974483
8,Stop,0.6308411214953271,0.46677792641609206,-1.1336576580745592,0.026512155000814448,-1.1071487177940904,0.3618151048538961,-1.4613453776535332,0.02499589944659298,-1.2490457723982544,0.23411565608193277,1.1902899496825317,0.01976099360394403,-0.9272952180016122,0.20509588646321603,0.4377913036415464,0.01976099360394403,-0.9272952180016122,0.26874951301363886,0.0,0.01249794972329649,-1.2490457723982544,0.01185659616236642,0.0,0.01676775909639938,-0.7853981633974483,0.1843606449583093,-1.0303768265243125,0.01676775909639938,-0.7853981633974483,0.29416679961625497,-1.034985088834433,0.01249794972329649,-0.3217505543966422,0.38838271106491773,-1.025141272267905,0.01185659616236642,0.0,0.08513296584797554,0.3805063771123649,0.02235701212853251,-0.7853981633974483,0.21520438789744245,1.441885555110905,0.023045080619788664,-0.5404195002705842,0.32841320771402494,-1.5226408137349812,0.02499589944659298,-0.3217505543966422,0.4264896730456688,-1.4406942690849316,0.03186364475949517,-0.12435499454676144,0.17550610520665208,0.13552771398550073,0.025306419420233907,-0.8960553845713439,0.24901988409072995,0.9431669009934023,0.02235701212853251,-0.7853981633974483,0.33397833078953787,1.2078705557831637,0.023045080619788664,-0.5404195002705842,0.4201244868288837,1.3623311084149088,0.02499589944659298,-0.3217505543966422,0.2652687988670437,-0.05963071313116939,0.030867658778159467,-0.8760580505981934,0.28334811823096345,0.40122879900484876,0.03952198720788806,-0.6435011087932844,0.31543398995861527,0.6610431688506868,0.040690376272923504,-0.507098504392337,0.3592807325159381,0.8788749445560378,0.042749565415881687,-0.5880026035475675
9,Stop,0.6398104265402843,0.46453272006332863,-1.1455913078152786,0.008926721375099256,-1.1071487177940904,0.36071024332797946,-1.482140444927459,0.008926721375099256,-1.1071487177940904,0.2364823113769259,1.1902899496825317,0.005645754316604786,0.7853981633974483,0.21067818933463484,0.4721219824037767,0.005645754316604786,-0.7853981633974483,0.27158366985739424,0.029403288204005115,0.005645754316604786,-0.7853981633974483,0.0119764534865534,0.0,0.005645754316604786,0.7853981633974483,0.18493616021512468,-1.0007558630951863,0.0,1.570796,0.29714050682394105,-1.034985088834433,0.005645754316604786,0.7853981633974483,0.390251919581364,-1.033885584054851,0.008926721375099256,0.4636476090008061,0.08230030457559429,0.3985224456664202,0.003992151162184467,1.570796,0.20896918976428644,1.4559197213779975,0.003992151162184467,1.570796,0.3237582905821616,-1.5214536945419266,0.005645754316604786,-0.7853981633974483,0.4223763848441037,-1.4476136646536204,0.008926721375099256,-0.4636476090008061,0.16885430892694558,0.11848995915813776,0.003992151162184467,0.0,0.24365207593810315,0.960070362405688,0.003992151162184467,0.0,0.3308431298260356,1.2261490111768705,0.003992151162184467,0.0,0.41887159769690074,1.3790081848081917,0.003992151162184467,0.0,0.26396543027897995,-0.060532019782107135,0.003992151162184467,1.570796,0.2883759344418866,0.38307706553700765,0.007984302324368933,-0.0,0.32178323301338263,0.6534263411807619,0.008926721375099256,0.4636476090008061,0.35984764286648124,0.8717967127558954,0.003992151162184467,-0.0
10,Stop,0.6333333333333333,0.46445452744018656,-1.14201829934888,0.0201147398941483,-0.9272952180016122,0.3634928852607404,-1.482140444927459,0.017067922777147006,-0.7853981633974483,0.23242753849308365,1.1613591172687538,0.025759435709175684,-0.8960553845713439,0.2070939223323069,0.42019671360927524,0.026986755451825516,-1.1071487177940904,0.2695675349096395,-0.014924264990084988,0.025443357042945137,-1.2490457723982544,0.01658703944307977,-0.24497866312686414,0.022757230369529344,-0.7853981633974483,0.18298886441837056,-0.9888912086550111,0.014504945216194557,-0.5880026035475675,0.2946654925718028,-1.0093026635277977,0.01658703944307977,-0.24497866312686414,0.3850698895715773,-1.0088747645380813,0.016091791915318638,0.0,0.08823013726509667,0.4228539261329407,0.01799117030121701,-1.1071487177940904,0.2145781773686496,1.458068715204519,0.0201147398941483,-0.9272952180016122,0.33049441956265274,-1.5098961185169086,0.022757230369529344,-0.7853981633974483,0.4266980694286752,-1.4288992721907328,0.023457616140020877,-0.5404195002705842,0.1752639198917495,0.16137511042069147,0.021664237876526368,-1.1902899496825317,0.24553169121393867,0.960070362405688,0.017067922777147006,-0.7853981633974483,0.33339536665115593,1.2261490111768705,0.017067922777147006,-0.7853981633974483,0.4173990283776176,1.3866325088686042,0.01799117030121701,-0.4636476090008061,0.2656364461439952,-0.0302937599187751,0.023457616140020877,-1.0303768265243125,0.2863366960256974,0.4196508621351039,0.02844653796191168,-0.7853981633974483,0.3173032477765388,0.6866215713297856,0.029009890432389114,-0.5880026035475675,0.3581327620309673,0.9048270894157868,0.029009890432389114,-0.5880026035475675
11,Stop,0.631578947368421,0.46704680960600237,-1.14201829934888,0.004045401449908953,1.570796,0.36590203268178373,-1.4711276743037347,0.005721061595705024,0.7853981633974483,0.2358854124975653,1.1839206090638685,0.004045401449908953,-0.0,0.21167927904108588,0.4551008085681946,0.004045401449908953,1.570796,0.2670271409159792,0.015150355874769811,0.005721061595705024,-0.7853981633974483,0.012792682631459853,0.3217505543966422,0.005721061595705024,-0.7853981633974483,0.17841091831177264,-0.9953716762596118,0.004045401449908953,-0.0,0.2886160754615213,-1.0255691712576214,0.008090802899817905,-0.0,0.3829694186857143,-1.0267536539728521,0.009045792638272628,0.4636476090008061,0.08572051987724719,0.33667481938672716,0.004045401449908953,1.570796,0.21175657657115574,1.4559197213779975,0.0,1.570796,0.32403640361567054,-1.5208379310729538,0.005721061595705024,-0.7853981633974483,0.4245166487605299,-1.436985349320306,0.004045401449908953,-0.0,0.1716318478711507,0.1418970546041639,0.004045401449908953,0.0,0.24690208893141694,0.960070362405688,0.004045401449908953,1.570796,0.3339110723020055,1.237552025683224,0.005721061595705024,-0.7853981633974483,0.4197286774462909,1.3866325088686042,0.004045401449908953,1.570796,0.2672721761966434,-0.04542327942157701,0.0,1.570796,0.2900301754289661,0.40122879900484876,0.004045401449908953,-0.0,0.3196891133645771,0.6688121579361327,0.004045401449908953,-0.0,0.3594948678627253,0.88902562339432,0.004045401449908953,-0.0
12,Stop,0.6487804878048781,0.4685400287228306,-1.1188669313964847,0.031165630322206653,1.1659045405098132,0.3624354841746327,-1.457645345204412,0.02979201328091823,1.2924966677897853,0.23861699745413398,1.1839206090638685,0.020866451108422827,1.373400766945016,0.21596059625281516,0.4721219824037767,0.016872769700619128,1.3258176636680326,0.2742111364057532,0.014924264990084988,0.020461238727168807,1.570796,0.012940823625259602,0.3217505543966422,0.020866451108422827,1.373400766945016,0.17936000218227252,-0.9638086627484886,0.016368990981735044,1.570796,0.2928460065202349,-0.9944211062037129,0.016872769700619128,-1.3258176636680326,0.38480186955846263,-0.9975419164019239,0.012940823625259602,-1.2490457723982544,0.08671317508252975,0.33667481938672716,0.020866451108422827,1.373400766945016,0.20970523829384954,1.473069419436178,0.016368990981735044,1.570796,0.3242186420242031,-1.4949924894337574,0.016872769700619128,-1.3258176636680326,0.42189863631300334,-1.4247840690836213,0.012276743236301284,1.570796,0.177152265797405,0.11575921772081071,0.01830108827912029,1.1071487177940904,0.24071323389175478,0.9544993893988254,0.012276743236301284,1.570796,0.3300544317580058,1.2294404415410498,0.012940823625259602,1.2490457723982544,0.41654579528701263,1.3830343802813032,0.012940823625259602,1.2490457723982544,0.27036722411875963,-0.04542327942157701,0.020866451108422827,1.373400766945016,0.2933887640579298,0.40122879900484876,0.020866451108422827,1.373400766945016,0.3208698029081692,0.6588060361174762,0.016872769700619128,1.3258176636680326,0.3573401720018458,0.8745917759891815,0.012940823625259602,1.2490457723982544
13,Stop,0.6558139534883721,0.46126385959458566,-1.1448666702609547,0.05056184496633226,0.39479111969976155,0.3595303800964887,-1.4732805235073505,0.05218141034424208,0.4636476090008061,0.23545968021097047,1.181087755452031,0.056093330648668234,0.5880026035475675,0.21052969948252653,0.4388592989635065,0.060504439676147825,0.7853981633974483,0.27617284956026344,0.01408357582286019,0.05232615794642004,0.83798122500839,0.019831987240506253,0.19739555984988078,0.05781968178928888,0.7378150601204649,0.18230332460817178,-0.982793723247329,0.06881002713857012,0.8253768505207383,0.29353814856267674,-1.0121970114513341,0.07171648884766936,0.8621700546672264,0.3822087947219889,-1.025141272267905,0.07720184355500934,0.8567056281827385,0.08377965172199488,0.3805063771123649,0.06623363025428793,0.702256931509007,0.215641076867591,1.4442041995149246,0.07980325548572102,0.7509290623979403,0.3229116394701085,-1.5467046033699754,0.08565454839626875,0.6889243882148613,0.41835622915032983,-1.4683524732877722,0.08817817779153139,0.722979353401491,0.1727161766636227,0.13552771398550073,0.0692483119973971,0.6659692373791098,0.2497086312250231,0.9179496956941223,0.08635808833181136,0.625485040239229,0.33299027314638635,1.1751067347403141,0.08954008352323159,0.6000502134017536,0.4094015103884167,1.3212094013579119,0.09071498021947982,0.5404195002705842,0.26881727912387304,-0.05790620524810725,0.07139939154418135,0.5123894603107377,0.2932287810269821,0.3805063771123649,0.07671042007898614,0.5317240672588056,0.3228413623523398,0.6314534989390984,0.08204640677194718,0.5485494024505281,0.3579068290470613,0.8315192794119595,0.08538922649380411,0.5247957716501074
14,Stop,0.6470588235294118,0.45646049572066755,-1.1779258193302489,0.01566351329436533,0.24497866312686414,0.36541176950546617,-1.5083775167989393,0.015195839948455227,-0.0,0.23297879035582747,1.150916369589345,0.024325212770525996,0.6747409422235527,0.21069677340157766,0.44751997515716985,0.02548419832496459,0.4636476090008061,0.2737624511073627,0.04164257909858842,0.02402673259824709,0.3217505543966422,0.023108171463718068,0.16514867741462683,0.027394690053949688,0.5880026035475675,0.18123866236231823,-0.9944211062037129,0.03267988948563303,0.6202494859828215,0.2912343282876459,-1.0370881351556351,0.03798959987113806,0.6435011087932844,0.3812043868173503,-1.04917802969851,0.04038349859976431,0.7188299996216245,0.07692307692307693,0.35299038782691045,0.02548419832496459,0.4636476090008061,0.21439736214109112,1.446441332248135,0.03267988948563303,0.6202494859828215,0.3267326451219219,-1.5591689438385128,0.04038349859976431,0.7188299996216245,0.418989293072778,-1.498196873064402,0.046372216364651664,0.6107259643892086,0.1640605402727453,0.09275632018814374,0.02402673259824709,0.3217505543966422,0.24089720208301396,0.9083700329617455,0.028932017300114427,0.4048917862850834,0.3217474656683729,1.1705556697609225,0.028932017300114427,0.4048917862850834,0.40451343068073387,1.314428634477097,0.03583931683986965,0.5585993153435624,0.2601108814708582,-0.11710874456686428,0.02279375992268284,-0.0,0.28352562529542713,0.3132761809936716,0.030628194591584442,-0.12435499454676144,0.3140984160745111,0.5611634122883522,0.038179075360108776,-0.09966865249116204,0.3519936826208583,0.7625014021760643,0.04558751984536568,-0.0
15,Stop,0.6575342465753424,0.4610070235112932,-1.1441688336680205,0.007630642546899931,-0.0,0.36407841940609525,-1.47634139139985,0.0038153212734499654,-0.0,0.2324529691565655,1.1659045405098132,0.005395679089723529,0.7853981633974483,0.20492928407297237,0.42200502990221767,0.005395679089723529,-0.7853981633974483,0.27480909239887175,0.027770636593421036,0.007630642546899931,0.0,0.015730972606100287,-0.24497866312686414,0.0038153212734499654,1.570796,0.18321488974340905,-1.0232340908548991,0.0038153212734499654,0.0,0.2886814377517859,-1.0598467502982862,0.0038153212734499654,1.570796,0.3809593992852906,-1.05786131280124,0.005395679089723529,0.7853981633974483,0.08716986343371205,0.4048917862850834,0.0038153212734499654,1.570796,0.216399695106027,1.4114446858909797,0.0038153212734499654,1.570796,0.3282063459248389,1.5475447039844337,0.005395679089723529,-0.7853981633974483,0.4163073257249171,-1.5249569009137798,0.008531317723435187,-1.1071487177940904,0.17320886265107152,0.13255153229667402,0.0038153212734499654,1.570796,0.2496631499218455,0.8936687542579044,0.0,1.570796,0.3312305393148791,1.1432155451102701,0.0038153212734499654,-0.0,0.41297217936866,1.2899586021736937,0.0038153212734499654,-0.0,0.26775292970708336,-0.07130746478529032,0.007630642546899931,1.570796,0.29206527321660414,0.34653886443394183,0.008531317723435187,-1.1071487177940904,0.32277257184488667,0.5748886012700922,0.005395679089723529,-0.7853981633974483,0.3615507630310936,0.7704738984073634,0.005395679089723529,-0.7853981633974483
16,Stop,0.65,0.4558855465371646,-1.1670022349097646,0.008521895097040797,-0.4636476090008061,0.3589731352931458,-1.5070530142622096,0.010779439395068221,-0.7853981633974483,0.23024892640971556,1.1441688336680205,0.0076222146936421546,1.570796,0.2066801147030119,0.3976279915221293,0.0076222146936421546,1.570796,0.2743997289711176,0.0,0.012051779623355878,1.2490457723982544,0.022866644080926465,0.0,0.0038111073468210773,0.0,0.1850252385908417,-1.0056468867881372,0.0038111073468210773,1.570796,0.2902452883548032,-1.0483928950783679,0.0038111073468210773,1.570796,0.38386384340706015,-1.0627335025471796,0.008521895097040797,1.1071487177940904,0.07716904221050934,0.35299038782691045,0.005389719697534111,0.7853981633974483,0.21181666982695485,1.4263547484202526,0.0,1.570796,0.32396654198263697,1.5590321636451379,0.0,1.570796,0.41984498072544135,-1.5163048705541655,0.0076222146936421546,1.570796,0.16458513184602383,0.09275632018814374,0.005389719697534111,0.7853981633974483,0.23867392563426965,0.8985491449879328,0.005389719697534111,0.7853981633974483,0.32079021228167104,1.154984537770268,0.005389719697534111,0.7853981633974483,0.4058068820899534,1.314428634477097,0.0076222146936421546,0.0,0.2605248005922412,-0.10257985241829468,0.005389719697534111,0.7853981633974483,0.28562971963175854,0.3259699386396457,0.0038111073468210773,1.570796,0.31714733803436,0.5713374798336268,0.0,1.570796,0.3557215000372513,0.7853981633974483,0.005389719697534111,-0.7853981633974483
17,Stop,0.6529680365296804,0.45585729821279525,-1.174714885230589,0.0038233160925531,0.0,0.36038683759075935,-1.4964654396272314,0.0038233160925531,-0.0,0.22943082430836398,1.1593400833811942,0.0038233160925531,-0.0,0.20885246921123365,0.41450687458478597,0.0038233160925531,1.570796,0.2752787586638232,0.0,0.0,1.570796,0.0191165804627655,0.0,0.0038233160925531,-0.0,0.18561796030828337,-1.0056468867881372,0.0,1.570796,0.29117507872882586,-1.0483928950783679,0.0,1.570796,0.3817576810719698,-1.05786131280124,0.0038233160925531,1.570796,0.07741625047020785,0.35299038782691045,0.0,1.570796,0.20930691482341376,1.4056476493802699,0.005406985471327902,-0.7853981633974483,0.32118130880207263,1.5588921272365868,0.0038233160925531,1.570796,0.4171796773624165,-1.5249569009137798,0.005406985471327902,-0.7853981633974483,0.16891962610028294,0.09065988720074511,0.0038233160925531,-0.0,0.23645904134580326,0.8884797719201486,0.0038233160925531,1.570796,0.321817852224255,1.154984537770268,0.0,1.570796,0.40710686988585576,1.314428634477097,0.0,1.570796,0.2613593824493935,-0.10257985241829468,0.0,1.570796,0.28654472419687577,0.3259699386396457,0.0,1.570796,0.31816330815991395,0.5713374798336268,0.0,1.570796,0.3568610411076415,0.7853981633974483,0.0,1.570796
18,Stop,0.6525821596244131,0.45948885148336505,-1.1569160185441572,0.020047863580242513,-0.19739555984988078,0.35884254251689224,-1.4940244355251187,0.023915655367340548,-0.16514867741462683,0.23593533335913036,1.1593400833811942,0.02486631438256039,0.3217505543966422,0.21477356887321072,0.41450687458478597,0.02486631438256039,0.3217505543966422,0.2753319782611668,-0.028563657838759995,0.015726838092538876,0.0,0.015726838092538876,0.0,0.02117290375586067,0.3805063771123649,0.18545836728990103,-1.0121970114513341,0.022925609093903704,0.5404195002705842,0.29406453832021345,-1.053308585820788,0.022925609093903704,0.5404195002705842,0.3838001038423299,-1.0567327609052695,0.025175224542129466,0.6747409422235527,0.08622912171327192,0.4228539261329407,0.019658547615673594,0.0,0.2185195907987157,1.4263547484202526,0.02780138465464287,0.1418970546041639,0.3263318904201817,1.570796,0.029943007646358405,0.4048917862850834,0.41794645524239477,-1.4954674359665565,0.04047942707199144,0.507098504392337,0.1751707865256129,0.15776873759595397,0.023915655367340548,-0.16514867741462683,0.2524267746291953,0.9179496956941223,0.023915655367340548,-0.16514867741462683,0.33299049716337703,1.1705556697609225,0.02780138465464287,0.1418970546041639,0.41004921866179767,1.3188410326762603,0.03169845556695208,0.5191461142465229,0.26389357832895183,-0.05963071313116939,0.02780138465464287,-0.1418970546041639,0.2913181857710779,0.372987721800061,0.03169845556695208,-0.12435499454676144,0.3240501536597011,0.621659922283089,0.035603143983267485,-0.11065722117389563,0.358907154204692,0.8241384610609276,0.03951319168588045,0.09966865249116204
19,Stop,0.6303317535545023,0.46652962983629503,-1.1455913078152786,0.024387695359301846,-0.16514867741462683,0.36625458472579364,-1.4831096716653962,0.02405587451868471,0.0,0.235323073759379,1.1681416732430239,0.024387695359301846,-0.16514867741462683,0.21005889361789995,0.4124104415973873,0.02044356226455213,-0.19739555984988078,0.26910223017978707,-0.05963071313116939,0.017930190227328016,-0.4636476090008061,0.020046562098903927,0.0,0.03207449935824628,0.0,0.18019618164768386,-1.0074800653029286,0.02535711819541681,0.3217505543966422,0.29292685177682554,-1.0397662219507142,0.029188234996461296,0.27829965900511133,0.3844134100522534,-1.0464756144914749,0.029188234996461296,0.27829965900511133,0.08265409296428455,0.3985224456664202,0.03232411012172724,0.12435499454676144,0.21886586421056436,1.423717971406494,0.02835011999922439,0.1418970546041639,0.3287880645400953,-1.5586018093466447,0.03232411012172724,0.12435499454676144,0.4228826907469955,-1.4758446204521403,0.03630586810023269,0.11065722117389563,0.17010071999534634,0.1418970546041639,0.03630586810023269,0.11065722117389563,0.24377806450862854,0.9371633187251515,0.04088712452910426,0.19739555984988078,0.32758805940713226,1.194835372923591,0.04088712452910426,0.19739555984988078,0.40660437507080016,1.3521273809209546,0.04482547556832004,0.17985349979247828,0.26088272740872553,-0.04612111601451121,0.03630586810023269,-0.11065722117389563,0.2859008048498499,0.388318718172466,0.040093124197807854,0.0,0.3151329763743957,0.6409565850228043,0.044284303107171415,0.09065988720074511,0.35227234426368653,0.8498250028230019,0.044284303107171415,0.09065988720074511
20,Stop,0.6363636363636364,0.4660373481191634,-1.14201829934888,0.012765032896649105,1.2490457723982544,0.3651111825949157,-1.4711276743037347,0.01455437680934137,0.982793723247329,0.23164226547834352,1.177345688865961,0.01455437680934137,0.982793723247329,0.20247772696496152,0.41012734054149097,0.017126088775157065,0.7853981633974483,0.270727058068952,-0.04474623145461559,0.005708696258385689,0.7853981633974483,0.020183289180193957,0.0,0.009026241323289939,1.1071487177940904,0.1869979291793194,-1.0007558630951863,0.012109973508116375,1.570796,0.2990942821319743,-1.0164888305933455,0.009026241323289939,-1.1071487177940904,0.39113943842323545,-1.0286069168680179,0.009026241323289939,-1.1071487177940904,0.08321783316232577,0.3985224456664202,0.009026241323289939,1.1071487177940904,0.21530944115515666,1.458068715204519,0.005708696258385689,-0.7853981633974483,0.3271934666342143,-1.5337762109209665,0.005708696258385689,-0.7853981633974483,0.42174865073053397,-1.4749371796848834,0.005708696258385689,0.7853981633974483,0.17126088775157067,0.1418970546041639,0.009026241323289939,1.1071487177940904,0.24636844188647383,0.960070362405688,0.012109973508116375,1.570796,0.33213624599727953,1.2106031823770664,0.012109973508116375,1.570796,0.41726235187820665,1.3563246280466572,0.016643566632465155,1.3258176636680326,0.26266207160258753,-0.04612111601451121,0.009026241323289939,1.1071487177940904,0.287850784222509,0.388318718172466,0.009026241323289939,1.1071487177940904,0.32052690041480536,0.6334258829691446,0.011417392516771378,0.7853981633974483,0.35735253045827275,0.8413397346310092,0.011417392516771378,0.7853981633974483
21,Stop,0.6394230769230769,0.4639480724061586,-1.1383885512243588,0.004050442367904488,1.570796,0.36635797807162634,-1.4711276743037347,0.0,1.570796,0.2361793460009436,1.1839206090638685,0.004050442367904488,1.570796,0.20688999861579171,0.4023210978604407,0.004050442367904488,0.0,0.2715005204545485,-0.029841884667109374,0.004050442367904488,1.570796,0.02025221183952244,0.0,0.0,1.570796,0.1876364967811058,-1.0007558630951863,0.0,1.570796,0.3001156405998849,-1.0164888305933455,0.0,1.570796,0.39458044963675293,-1.019813839121259,0.004050442367904488,0.0,0.08350200856673556,0.3985224456664202,0.0,1.570796,0.21653772486057832,1.4394808878118086,0.004050442367904488,-0.0,0.32811083357829945,-1.558451274950672,0.008100884735808975,-0.0,0.42282039986875536,-1.4844729258544338,0.004050442367904488,-0.0,0.1718457159090336,0.1418970546041639,0.0,1.570796,0.24627888711787904,0.9371633187251515,0.005728190530301121,-0.7853981633974483,0.33094865555895236,1.194835372923591,0.005728190530301121,-0.7853981633974483,0.41473048852357547,1.3542460218188075,0.004050442367904488,1.570796,0.26377679882129573,-0.06146095588276596,0.004050442367904488,1.570796,0.2873245752569757,0.3752708228559573,0.004050442367904488,1.570796,0.31924064579866085,0.6231993299340659,0.004050442367904488,1.570796,0.358298203198084,0.8253768505207383,0.005728190530301121,-0.7853981633974483
22,Stop,0.6355140186915887,0.45933700148230316,-1.1647771452715645,0.00788772076498794,-0.0,0.36420434931946044,-1.4840579881189115,0.012471581582383803,0.3217505543966422,0.2336217194966441,1.1902899496825317,0.017637479818049678,0.4636476090008061,0.20466317571028397,0.4377913036415464,0.016260952929711508,0.24497866312686414,0.2682115034153091,-0.014704822377851432,0.014219790832353031,0.5880026035475675,0.021238338136058552,0.3805063771123649,0.016260952929711508,0.24497866312686414,0.1826990927778115,-1.0007558630951863,0.01971930191246985,0.6435011087932844,0.29354616728888555,-1.034985088834433,0.025253028004198326,0.6747409422235527,0.3869407424684617,-1.0478575632237248,0.030802534274194625,0.6947382761967033,0.07858086142625556,0.30587887140485215,0.016260952929711508,0.24497866312686414,0.21475035025520975,1.441885555110905,0.02230984336411566,0.7853981633974483,0.32736416907995874,-1.5587487169407106,0.025253028004198326,0.8960553845713439,0.42317088946698467,-1.4961688210873838,0.030802534274194625,0.8760580505981934,0.16639165182050983,0.09495170634275632,0.016260952929711508,0.24497866312686414,0.23979838687382884,0.9371633187251515,0.01971930191246985,0.6435011087932844,0.3259118026087715,1.1992784716481877,0.02230984336411566,0.7853981633974483,0.4094213381601615,1.3374993752582693,0.028439581664706063,0.5880026035475675,0.2613681703561688,-0.09065988720074511,0.020109821049222258,0.19739555984988078,0.28711736972536,0.36520144978817304,0.026456219727074518,0.4636476090008061,0.31727860420436593,0.6086893073274118,0.026456219727074518,0.4636476090008061,0.351424295759197,0.8012698463892384,0.024943163164767607,0.3217505543966422
23,Stop,0.6462264150943396,0.46099403379185694,-1.1455913078152786,0.007923480040378534,-0.0,0.3662199560015528,-1.4732805235073505,0.0056027464671479215,-0.7853981633974483,0.2346808522491354,1.1902899496825317,0.003961740020189267,1.570796,0.2075664448938643,0.4124104415973873,0.003961740020189267,0.0,0.27347487032772777,-0.028977393851561332,0.003961740020189267,0.0,0.015846960080757068,0.0,0.0056027464671479215,0.7853981633974483,0.1868749030028955,-1.0121970114513341,0.0,1.570796,0.3003093012088919,-1.0303768265243125,0.003961740020189267,0.0,0.39410851290093357,-1.044169055361146,0.003961740020189267,0.0,0.08167336282238497,0.3985224456664202,0.003961740020189267,1.570796,0.21572392895351886,1.441885555110905,0.003961740020189267,1.570796,0.3248868377087678,-1.5586018093466447,0.007923480040378534,1.570796,0.42113874086758224,-1.4954674359665565,0.007923480040378534,1.570796,0.17200522903844537,0.13863973713415806,0.0056027464671479215,0.7853981633974483,0.24642532468864772,0.933725997519213,0.003961740020189267,-0.0,0.3325266608746213,1.1925023354534372,0.003961740020189267,-0.0,0.41605815699118476,1.330436568465089,0.003961740020189267,-0.0,0.2619546120870041,-0.060532019782107135,0.003961740020189267,1.570796,0.2898575348088406,0.37796831149627336,0.0,1.570796,0.3233129402872877,0.628796286415433,0.003961740020189267,1.570796,0.3616484961511863,0.8241384610609276,0.007923480040378534,1.570796
24,Stop,0.6380090497737556,0.4554767149511523,-1.193400359558472,0.013753834085034198,-0.982793723247329,0.3628911646496115,-1.5182132651839548,0.008529765801606129,-0.4636476090008061,0.23393961542003444,1.150916369589345,0.012062910480497601,0.3217505543966422,0.20994316570206592,0.4311387407187822,0.015258508931635429,-0.0,0.27083853353652887,0.0,0.015258508931635429,-0.0,0.023203471599393174,0.16514867741462683,0.01572811100364084,0.24497866312686414,0.18842868534159474,-1.0164888305933455,0.024425532091810104,0.6747409422235527,0.2971494227813184,-1.0612040619859708,0.03281466423000076,0.6202494859828215,0.3857303072988433,-1.0761851656111094,0.03598712134109145,0.5585993153435624,0.07724031447165691,0.35299038782691045,0.023203471599393174,0.16514867741462683,0.2114969147923377,1.4442041995149246,0.025589297404818384,0.4636476090008061,0.32808011934585585,-1.5591689438385128,0.03236818540906474,0.7853981633974483,0.4207172418435817,-1.498196873064402,0.03236818540906474,0.7853981633974483,0.16473714039973814,0.09275632018814374,0.022887763397453145,-0.0,0.236537649562732,0.911167584157976,0.026973487840887288,0.1418970546041639,0.32307438057288884,1.1705556697609225,0.03145622200728168,0.24497866312686414,0.40523121023740627,1.3235345626121362,0.029051335489283337,0.4048917862850834,0.26118360167001653,-0.11710874456686428,0.03145622200728168,-0.24497866312686414,0.281068402791073,0.317458735254631,0.03145622200728168,-0.24497866312686414,0.31217078348518795,0.5676664243718796,0.03516912536180336,-0.21866894587394195,0.34530278786603036,0.7697744347769715,0.03516912536180336,-0.21866894587394195
25,Stop,0.6454545454545455,0.4568320537665668,-1.1670022349097646,0.005400909805878008,-0.7853981633974483,0.36028562135335074,-1.4858945333451747,0.005400909805878008,-0.7853981633974483,0.22567790647896,1.1525719972156676,0.003819019948313259,0.0,0.20566051823401194,0.3805063771123649,0.008539588211856181,-0.4636476090008061,0.2713923589498307,-0.0422284021130019,0.008539588211856181,-0.4636476090008061,0.017079176423712362,-0.4636476090008061,0.003819019948313259,1.570796,0.1880649220658,-1.0617254383725134,0.003819019948313259,1.570796,0.2938412617799591,-1.0838970949836275,0.007638039896626518,1.570796,0.38437634213577193,-1.0849301524673713,0.008539588211856181,1.1071487177940904,0.08725436823936568,0.4048917862850834,0.0,1.570796,0.21724819826900493,1.39408747072486,0.005400909805878008,-0.7853981633974483,0.32852451796714977,1.5475447039844337,0.008539588211856181,-1.1071487177940904,0.42036984946328704,-1.534448705775876,0.010801819611756016,-0.7853981633974483,0.17337677597224982,0.13255153229667402,0.0,1.570796,0.24453659194284175,0.8960553845713439,0.003819019948313259,1.570796,0.32998630757605485,1.1537470848064113,0.003819019948313259,1.570796,0.4123303713079713,1.2988579051404006,0.005400909805878008,-0.7853981633974483,0.264506766293139,-0.08673833867598511,0.003819019948313259,0.0,0.2874684663220861,0.3385556949116842,0.003819019948313259,0.0,0.3198870928517624,0.5813801838048998,0.003819019948313259,0.0,0.3591706540335126,0.7778795080851444,0.003819019948313259,1.570796
26,Stop,0.6351351351351351,0.45401571360387266,-1.193400359558472,0.0053773933676408425,-0.7853981633974483,0.3577482450533042,-1.5282687921751124,0.0,1.570796,0.23476494856396843,1.1361261116456518,0.010754786735281685,-0.7853981633974483,0.20770943230888383,0.41450687458478597,0.017004810916428244,-0.4636476090008061,0.27007687176626605,-0.028161566987892423,0.015677661023186962,-0.24497866312686414,0.026886966838204213,0.1418970546041639,0.012024217111801442,-1.2490457723982544,0.18782427560095688,-1.0164888305933455,0.008502405458214122,-0.4636476090008061,0.298069646810512,-1.050067935387826,0.003802391315366405,-0.0,0.38631247846791666,-1.0675218955401637,0.00760478263073281,-0.0,0.07343637405100996,0.37089128881266237,0.008502405458214122,-1.1071487177940904,0.2145910119106314,1.446441332248135,0.003802391315366405,-0.0,0.32702775930055394,1.5591689438385128,0.011407173946099214,-0.0,0.42249341623691183,-1.5257817110203695,0.012024217111801442,0.3217505543966422,0.16420872439915987,0.09275632018814374,0.010754786735281685,-0.7853981633974483,0.23879501836647618,0.9209258773829491,0.00760478263073281,-0.0,0.3255433263211279,1.1751067347403141,0.00760478263073281,-0.0,0.4095300778893008,1.3078015951139772,0.011407173946099214,-0.0,0.2561468710475671,-0.10409993810959933,0.008502405458214122,-0.4636476090008061,0.281376957337114,0.33029735482925365,0.012024217111801442,-0.3217505543966422,0.3132302787841077,0.5779019369622457,0.012024217111801442,-0.3217505543966422,0.34953056889665474,0.7853981633974483,0.008502405458214122,-0.4636476090008061
27,Stop,0.6330275229357798,0.45854791894312563,-1.171453873112189,0.02600000924444938,0.4636476090008061,0.35733594793966805,-1.5056711634605107,0.02600000924444938,0.4636476090008061,0.2341605220829318,1.1441688336680205,0.031248122164466652,0.5191461142465229,0.20662329470598043,0.4048917862850834,0.031248122164466652,0.5191461142465229,0.2681350530644757,-0.07233733053859498,0.024513043796884106,0.3217505543966422,0.024513043796884106,-0.3217505543966422,0.02821663239915502,0.27829965900511133,0.19278227150395655,-1.044169055361146,0.031248122164466652,0.5191461142465229,0.30004706597109204,-1.0724805325845908,0.030271376037217673,0.6947382761967033,0.3919213332424593,-1.0761851656111094,0.03334134422826594,0.6202494859828215,0.08500408241467111,0.4228539261329407,0.02600000924444938,0.4636476090008061,0.21983294396977118,1.4114446858909797,0.030271376037217673,0.6947382761967033,0.3294474658218666,1.570796,0.04192375519737918,0.5880026035475675,0.4236042634896739,-1.4975331930556572,0.05053493438997248,0.5667292175235064,0.17163507428877892,0.1131509815904845,0.031248122164466652,0.5191461142465229,0.24033411226575285,0.911167584157976,0.03875852539080784,0.6435011087932844,0.3231866107783115,1.1769277160585352,0.044191518163680055,0.6610431688506868,0.4032749600784444,1.328148661777159,0.05271729400651467,0.628796286415433,0.264581944463142,-0.08800737352774077,0.031248122164466652,0.5191461142465229,0.28444638585278,0.34760685975590194,0.03817272051813701,0.41822432957922906,0.3149949973182695,0.6016536326583256,0.04174420938220149,0.3805063771123649,0.35097337480004304,0.8166379968277165,0.04536569086814128,0.348771003583907
28,Stop,0.6296296296296297,0.4583761217152816,-1.1760052070951352,0.003917744630045142,1.570796,0.35728885943536054,-1.5049575574922027,0.0055405275897242034,0.7853981633974483,0.23151185859038934,1.1525719972156676,0.008760343311265703,0.4636476090008061,0.20372272076234738,0.39479111969976155,0.008760343311265703,0.4636476090008061,0.2671258376927714,-0.07339732590161165,0.007835489260090284,-0.0,0.02350646778027085,0.0,0.008760343311265703,-1.1071487177940904,0.1881333442170389,-1.0232340908548991,0.008760343311265703,-1.1071487177940904,0.2964311709255071,-1.0598467502982862,0.008760343311265703,-1.1071487177940904,0.39118635990137496,-1.05786131280124,0.007835489260090284,1.570796,0.07566421660118035,0.37089128881266237,0.008760343311265703,1.1071487177940904,0.2094436685476443,1.4394808878118086,0.012388996321836385,1.2490457723982544,0.3251728042937468,1.570796,0.008760343311265703,-1.1071487177940904,0.42400423622638195,-1.5060720453793046,0.008760343311265703,-0.4636476090008061,0.16570716768564014,0.11848995915813776,0.003917744630045142,0.0,0.23821047181045,0.9371633187251515,0.003917744630045142,0.0,0.32519640430860486,1.188052816949321,0.0,1.570796,0.4105228110458639,1.3397056595989996,0.003917744630045142,1.570796,0.25904558845090236,-0.060532019782107135,0.008760343311265703,-1.1071487177940904,0.2852161142486728,0.36520144978817304,0.003917744630045142,1.570796,0.3174340347296035,0.618814766737685,0.003917744630045142,1.570796,0.3520960601312111,0.8247479197860537,0.0,1.570796
29,Stop,0.6372093023255814,0.45893293823240366,-1.1760052070951352,0.0,1.570796,0.3614029005106667,-1.5165019148865906,0.005547257995452985,0.7853981633974483,0.22986005822534067,1.1300454790154746,0.005547257995452985,-0.7853981633974483,0.20614613850681185,0.36990606745655763,0.005547257995452985,-0.7853981633974483,0.2713624265527638,-0.07233733053859498,0.0039225037455761,0.0,0.019612518727880498,0.0,0.0039225037455761,-0.0,0.18836188088925787,-1.0232340908548991,0.0,1.570796,0.2987289853320891,-1.0483928950783679,0.0039225037455761,0.0,0.3882486202253286,-1.0529033447245055,0.0039225037455761,1.570796,0.07726436323438321,0.41822432957922906,0.0039225037455761,1.570796,0.21024766437858508,1.4209838702219992,0.0039225037455761,-0.0,0.32559143956600467,-1.5587487169407106,0.0039225037455761,0.0,0.42087935118619907,-1.4961688210873838,0.005547257995452985,0.7853981633974483,0.16641773986358954,0.1418970546041639,0.0039225037455761,1.570796,0.24398477794356854,0.933725997519213,0.005547257995452985,0.7853981633974483,0.3292333838509429,1.1925023354534372,0.0039225037455761,1.570796,0.4148407026401154,1.3418713302792877,0.0039225037455761,1.570796,0.2593602664096872,-0.060532019782107135,0.0,1.570796,0.2855625830890844,0.36520144978817304,0.0,1.570796,0.3155604896428366,0.6086893073274118,0.0039225037455761,1.570796,0.34965331279458667,0.8171335369259063,0.0039225037455761,1.570796
30,Stop,0.6255707762557078,0.4572050036967716,-1.1981514229450672,0.020846753757237498,0.3805063771123649,0.3563346381484304,-1.5381991816769438,0.024787422304683372,0.6747409422235527,0.23025992128509315,1.0996300624817867,0.024787422304683372,0.6747409422235527,0.20344699274033928,0.36990606745655763,0.031210168681094188,0.5191461142465229,0.2678093803976673,-0.07233733053859498,0.031210168681094188,0.5191461142465229,0.027373128725678746,0.1418970546041639,0.022572460207920485,0.5404195002705842,0.190041285236683,-0.9884433806509134,0.024787422304683372,0.6747409422235527,0.3001073787549316,-1.043650383208487,0.03023460889450608,0.6947382761967033,0.39329766221203705,-1.0675218955401637,0.03832238021595025,0.7853981633974483,0.06978805876016156,0.3392926144540447,0.02448327063498795,0.3217505543966422,0.2103282527973155,1.460139105621001,0.027373128725678746,0.7853981633974483,0.325268336122716,-1.5469913006098266,0.03023460889450608,0.6947382761967033,0.4230897603369327,-1.4975331930556572,0.03569019332527332,0.7086262721276703,0.15914125912742166,0.07304056530311932,0.02354725568749166,0.16514867741462683,0.23461182712311254,0.9140946646754624,0.02818236091612152,0.27829965900511133,0.31922279362168166,1.1722738811284763,0.03192227936216816,0.24497866312686414,0.3999850139557484,1.3164282682416306,0.03505470879955259,0.11065722117389563,0.25786010307699614,-0.13552771398550073,0.027373128725678746,-0.1418970546041639,0.27915223504064623,0.3392926144540447,0.02818236091612152,0.27829965900511133,0.3038540588430215,0.5950696237055412,0.02448327063498795,0.3217505543966422,0.3394709435350405,0.8015257972410845,0.02818236091612152,0.27829965900511133
31,Stop,0.6299559471365639,0.45156342623302237,-1.2255514016862603,0.04362750691713182,-0.348771003583907,0.35782554836872826,1.570796,0.04014478229518501,-0.3805063771123649,0.2270013965922899,1.0557235097761148,0.03727349462174253,-0.0,0.2039170176846942,0.31597027195298044,0.03801165528321217,0.19739555984988078,0.26929938646189117,-0.08314123188844122,0.037459398491303086,0.09966865249116204,0.026356340805554452,-0.1418970546041639,0.04902562783155897,0.15264932839526515,0.19187705734376462,-1.0636978224025597,0.057864024204803945,0.26060239174734096,0.3000458438394808,-1.1071487177940904,0.062481762600785876,0.3028848683749714,0.3918151743431284,-1.1284221038181517,0.06719574803721196,0.3392926144540447,0.07684127768066812,0.3985224456664202,0.05640503247952339,0.13255153229667402,0.22370308159576352,1.3864719178951976,0.06963263437926624,0.27094685033842053,0.33192251012012364,1.5371012194488802,0.06963263437926624,0.27094685033842053,0.42125645484696045,-1.5530990595371263,0.07237203550381426,0.20749622643520266,0.1646796817877336,0.09065988720074511,0.059753957537429,0.06241880999595735,0.243906539158746,0.8936687542579044,0.0643440279740464,0.17467219900823971,0.3301177717108107,1.1273479903751584,0.07237203550381426,0.20749622643520266,0.4078340353693884,1.2548260548419161,0.07968163053062484,0.18822150530477075,0.25567009119560324,-0.13158814145792064,0.05591024193261379,-0.0,0.279352346959856,0.3259699386396457,0.059637591394788046,-0.0,0.31017729291682045,0.5713374798336268,0.06719574803721196,0.05549850524571683,0.3453585897340189,0.7625014021760643,0.07091766009089548,0.052583061610941714
32,Stop,0.6244541484716157,0.4547579293618361,-1.212978945082075,0.010476374586431926,-0.7853981633974483,0.3519539562547408,-1.5497468046578502,0.007407915512316426,-0.0,0.22053328398586292,1.0620665024793434,0.003703957756158213,-0.0,0.20151708874395138,0.2984989315861793,0.0,1.570796,0.2679423686352425,-0.09691762779436304,0.0,1.570796,0.02820850186460575,-0.4048917862850834,0.003703957756158213,1.570796,0.19894770500405934,-1.065506138695502,0.005238187293215963,-0.7853981633974483,0.3031367544391341,-1.1016842913096028,0.003703957756158213,0.0,0.3925845775999754,-1.111368102037094,0.008282301328557356,0.4636476090008061,0.07952734567672627,0.4844779290370232,0.003703957756158213,1.570796,0.221650229541338,1.402900403544522,0.005238187293215963,0.7853981633974483,0.3298394658937562,1.5371012194488802,0.003703957756158213,1.570796,0.422316160917694,-1.5532542667374942,0.0,1.570796,0.1640230267355544,0.1131509815904845,0.0,1.570796,0.24527361031201278,0.9031307382015419,0.0,1.570796,0.3264739889616234,1.1375961583632617,0.005238187293215963,0.7853981633974483,0.4101202939483734,1.2776094302370145,0.008282301328557356,-0.4636476090008061,0.2536061764675472,-0.11710874456686428,0.0,1.570796,0.27759921701019896,0.3259699386396457,0.003703957756158213,1.570796,0.3113528471328836,0.5649044020307766,0.005238187293215963,-0.7853981633974483,0.34842805968043267,0.762845596747144,0.003703957756158213,-0.0
33,Stop,0.630901287553648,0.4454187352881684,-1.2645084574578398,0.019547167434783092,-1.1902899496825317,0.3485381282536492,1.5499660067586796,0.020533350626984814,-0.7853981633974483,0.22601264330386436,1.0496581833107783,0.028349783820941953,-0.6947382761967033,0.2054938604577158,0.30499234681440474,0.02617498888160955,-0.5880026035475675,0.26980560977061013,-0.09431395132718053,0.02434955849104442,-0.4636476090008061,0.029932244936485008,-0.24497866312686414,0.029264527224790074,-0.5191461142465229,0.1932004445211134,-1.1239538583091324,0.040582597485074035,-0.17985349979247828,0.2993224493648501,-1.1722738811284763,0.04718763227367152,-0.0,0.3909433486956619,-1.1902899496825317,0.05492911163072187,0.13255153229667402,0.0714991200410516,0.41822432957922906,0.03122487395382467,-0.6202494859828215,0.2221021456280232,1.373400766945016,0.03701702427133719,-0.19739555984988078,0.3312892431846712,1.4940244355251187,0.04370879515174519,-0.08314123188844122,0.42119966095833944,1.5449400214356368,0.047327034740667316,-0.07677189126977804,0.15646157182451745,0.0696545737285682,0.03122487395382467,-0.6202494859828215,0.24175786004789576,0.8491414759301354,0.04385925616521908,-0.4266274931268761,0.32476222052667986,1.0821539241751703,0.049370860672876625,-0.2984989315861793,0.40317130687891595,1.2120256565243244,0.05739245975971996,-0.3217505543966422,0.25003623021355326,-0.16037544397595074,0.03629817867205502,-0.6435011087932844,0.2767483215042632,0.2927130752239971,0.040582597485074035,-0.4636476090008061,0.30570307975919203,0.5220916138282875,0.0423305867414505,-0.5404195002705842,0.3421476410858535,0.7178319959609496,0.04548148751532029,-0.49934672168013006
34,Stop,0.6271929824561403,0.44889905468758534,-1.233340257567115,0.018946039459311618,0.19739555984988078,0.3455530352490224,1.570796,0.02260125865638251,0.16514867741462683,0.22628729978280146,1.0557235097761148,0.028297349596765033,0.4048917862850834,0.20797539649884564,0.32740021180022655,0.03196300651855846,0.6202494859828215,0.2696068679888238,-0.12435499454676144,0.023499669758523873,0.3217505543966422,0.029956318665424867,-0.5191461142465229,0.027050151281583952,0.27829965900511133,0.20109045155645178,-1.0906212971913698,0.04001849557895794,0.3805063771123649,0.30415963087532777,-1.129003161277453,0.046556635715349425,0.49934672168013006,0.3973112454404669,-1.1364290501398686,0.05486053143417646,0.4939413689195812,0.0797778313048514,0.4844779290370232,0.027050151281583952,0.27829965900511133,0.22299936056479916,1.3864719178951976,0.03825469080665998,0.507098504392337,0.33492182445767893,1.5152978215491797,0.04154193960474167,0.4636476090008061,0.4235974362658366,1.5620246219504539,0.04333125001408241,0.5404195002705842,0.16453964665451723,0.1131509815904845,0.027050151281583952,0.27829965900511133,0.24262768893055478,0.8721365020734334,0.04001849557895794,0.3805063771123649,0.3257269550278328,1.1224536451182825,0.046999339517047746,0.3217505543966422,0.4065510785778002,1.2548260548419161,0.050537950732726857,0.2984989315861793,0.25440495457171164,-0.11710874456686428,0.029956318665424867,0.12435499454676144,0.27730606045899114,0.3132761809936716,0.03879225379660393,0.2914567944778671,0.3072081906786171,0.5611634122883522,0.04154193960474167,0.17985349979247828,0.34696846595852276,0.7551044034786732,0.04154193960474167,0.17985349979247828
35,Stop,0.6238938053097345,0.4538855492635378,-1.2071854232682653,0.01187141199059057,0.3217505543966422,0.3568144389207294,-1.5392278703071185,0.018770350466249794,0.9272952180016122,0.2316903062010009,1.0999024678141933,0.021236227359893285,0.7853981633974483,0.20303238319347908,0.3392926144540447,0.016788711841611764,0.4636476090008061,0.26867184906778546,-0.12608809506459043,0.020216286149685823,0.3805063771123649,0.022835116899333992,-0.16514867741462683,0.026545284199866605,0.7853981633974483,0.19325258601721076,-1.0636978224025597,0.02932022472913635,0.6947382761967033,0.30219681314901176,-1.1071487177940904,0.030266280696960336,0.5191461142465229,0.3962456105431845,-1.1198598975575167,0.030266280696960336,0.5191461142465229,0.08086514459874329,0.3805063771123649,0.024037777203110604,0.6747409422235527,0.2216173555785797,1.383367214351223,0.025183067762417646,0.4636476090008061,0.3306992712067293,1.5253730473733196,0.030266280696960336,0.5191461142465229,0.42427635905300704,-1.5530990595371263,0.035614235971771706,0.3217505543966422,0.16997275264970912,0.11065722117389563,0.020216286149685823,0.3805063771123649,0.24274062229076146,0.8839786770362513,0.02733004281092126,0.27829965900511133,0.3274874831759328,1.132784126315768,0.02733004281092126,0.27829965900511133,0.407398771175494,1.281104755549737,0.034610816120511645,0.21866894587394195,0.2566257713178915,-0.10257985241829468,0.022835116899333992,0.16514867741462683,0.27780118690049693,0.33029735482925365,0.026545284199866605,0.1418970546041639,0.3072150778346191,0.5676664243718796,0.02733004281092126,0.27829965900511133,0.34512953108081795,0.7700147616168531,0.03095685504088384,0.24497866312686414
36,Stop,0.6222222222222222,0.4549165771915013,-1.2149382696473148,0.0053366549523513026,-0.7853981633974483,0.3586692702552287,-1.5392278703071185,0.0037735849056603774,1.570796,0.22782579393394084,1.1071487177940904,0.008437992367923735,1.1071487177940904,0.20408780804513146,0.3392926144540447,0.0037735849056603774,1.570796,0.265468412633382,-0.09966865249116204,0.0053366549523513026,-0.7853981633974483,0.022641509433962263,0.0,0.0,1.570796,0.18913153337572328,-1.0714496051147666,0.0037735849056603774,-0.0,0.29532973287733066,-1.1071487177940904,0.0053366549523513026,-0.7853981633974483,0.389868121306926,-1.120135000714263,0.0053366549523513026,-0.7853981633974483,0.07640927068421353,0.35299038782691045,0.0037735849056603774,0.0,0.21094980919809336,1.3909428270024184,0.008437992367923735,1.1071487177940904,0.3248791433966926,1.5243181954438936,0.0037735849056603774,1.570796,0.4226583554594162,-1.5618679926150598,0.0037735849056603774,-0.0,0.16265858160190422,0.0696545737285682,0.008437992367923735,0.4636476090008061,0.23578112229152162,0.8760580505981934,0.0053366549523513026,0.7853981633974483,0.32075471698113206,1.1334584350470127,0.0053366549523513026,0.7853981633974483,0.4059016395328259,1.2784490606022596,0.0,1.570796,0.2546261193635825,-0.1188403445677652,0.0037735849056603774,0.0,0.27804433237416826,0.317458735254631,0.0,1.570796,0.30881207641607195,0.5676664243718796,0.0037735849056603774,1.570796,0.34964254746863405,0.7625014021760643,0.0053366549523513026,0.7853981633974483
37,Stop,0.6266666666666667,0.4566878695259859,-1.1994780525256896,0.0037660576314115925,-0.0,0.3579538227353457,-1.5392278703071185,0.0037660576314115925,0.0,0.23074595461677774,1.1144478582377877,0.005326009779020969,0.7853981633974483,0.20144008247562775,0.36314700994617627,0.0037660576314115925,1.570796,0.26868650416991113,-0.09827395325600917,0.007532115262823185,0.0,0.022596345788469554,0.0,0.0037660576314115925,0.0,0.18732114740632672,-1.044169055361146,0.008421160871018168,0.4636476090008061,0.29818520860538755,-1.0845536937073916,0.011298172894234777,0.0,0.38907221406452336,-1.0984909254643433,0.01190931991471952,0.3217505543966422,0.07625685499728226,0.35299038782691045,0.0037660576314115925,0.0,0.21052902177545418,1.3909428270024184,0.0037660576314115925,0.0,0.32407795754332847,1.5359267452401069,0.007532115262823185,0.0,0.4219497424022483,-1.5440170157751305,0.011298172894234777,0.0,0.1623341220274557,0.0696545737285682,0.0037660576314115925,0.0,0.23585264786720356,0.8985491449879328,0.008421160871018168,-0.4636476090008061,0.32197039664769883,1.1490090669240796,0.008421160871018168,-0.4636476090008061,0.4112597010905985,1.2924966677897853,0.010652019558041938,-0.7853981633974483,0.2541182095962738,-0.1188403445677652,0.0037660576314115925,0.0,0.2774897096492466,0.317458735254631,0.0037660576314115925,0.0,0.3061876654102516,0.5572955351175055,0.005326009779020969,0.7853981633974483,0.3436205137094115,0.7621465405869854,0.008421160871018168,0.4636476090008061
38,Stop,0.6266666666666667,0.4566878695259859,-1.1994780525256896,0.0037660576314115925,1.570796,0.3617180234889077,-1.5395564933646284,0.0,1.570796,0.23413250451663828,1.121536214183016,0.0,1.570796,0.20144008247562775,0.36314700994617627,0.0037660576314115925,1.570796,0.2683431684466128,-0.08430673252620663,0.0,1.570796,0.022908034247294096,0.16514867741462683,0.0,1.570796,0.18407509638340036,-1.033885584054851,0.0,1.570796,0.2930999528035077,-1.089909046599561,0.0037660576314115925,-0.0,0.3857038770634506,-1.115882120202517,0.008421160871018168,0.4636476090008061,0.07503816670865605,0.30587887140485215,0.0,1.570796,0.20988803776811701,1.4085974933315142,0.005326009779020969,-0.7853981633974483,0.32407795754332847,1.5359267452401069,0.0037660576314115925,1.570796,0.42186570038687443,-1.5529410816553442,0.005326009779020969,0.7853981633974483,0.1621155489890137,0.046478131351002934,0.0,1.570796,0.23291780109710186,0.8884797719201486,0.0,1.570796,0.31853813249687063,1.1441688336680205,0.0,1.570796,0.407639859451646,1.2899586021736937,0.0,1.570796,0.2545921811050541,-0.13352904909187144,0.0,1.570796,0.2763372855904231,0.3045108832021125,0.0,1.570796,0.3042126152747705,0.5467888408892474,0.0,1.570796,0.3410310230485354,0.75415832996718,0.0,1.570796
39,Stop,0.6422413793103449,0.44270550232506173,-1.254227073182493,0.02924007376605145,-0.5191461142465229,0.3482468895579881,1.5499660067586796,0.02924007376605145,-0.12435499454676144,0.22404020872736907,1.0636978224025597,0.03644873603343092,0.09966865249116204,0.203002778915184,0.32740021180022655,0.03626784788941068,-0.0,0.2726126531636286,-0.06656816377582381,0.033437303598675784,-0.21866894587394195,0.022060870619626267,-0.16514867741462683,0.04728748823843399,0.07677189126977804,0.1897747847441694,-1.115695518226702,0.05630284064925969,0.26060239174734096,0.2953548075584887,-1.1401038154083887,0.05630284064925969,0.26060239174734096,0.3881337568665417,-1.1573157946482295,0.05734450258153416,0.3217505543966422,0.08150185146469757,0.36397895650964407,0.05452253063272572,0.06656816377582381,0.2191130367055421,1.3539227111284884,0.06260801255252961,0.17467219900823971,0.3273964337928001,1.493174818057503,0.06260801255252961,0.17467219900823971,0.42076956164302265,1.5535566556003668,0.06260801255252961,0.17467219900823971,0.1669897121358796,0.04345089539153084,0.05814178318267026,-0.06241880999595735,0.24128342576487224,0.8279256980172325,0.0689089109898803,-0.0,0.32620908073478116,1.0723369163282177,0.0762487836895782,0.047583103276983396,0.4088144246533744,1.1985269956758497,0.08704283493458564,-0.0,0.2575783308322043,-0.16977827396833844,0.05981446706474992,-0.24497866312686414,0.2780114476267288,0.2639637236257046,0.06260801255252961,-0.17467219900823971,0.30682256354152215,0.5059503992710761,0.0656838661539996,-0.11065722117389563,0.3450214334543776,0.6960841704042261,0.07289747206686184,-0.09966865249116204
40,Stop,0.6610169491525424,0.4360893605992112,-1.2746811809199319,0.018024151907349434,-1.373400766945016,0.3467014843237725,1.5300026439270311,0.018024151907349434,-1.373400766945016,0.22492723955706675,1.043853099605467,0.014574465135517167,-1.3258176636680326,0.20792476263599077,0.31099828060554097,0.010604481033638698,1.570796,0.27607881518711636,-0.051237167403418805,0.014139308044851598,1.570796,0.024995001499500177,-0.1418970546041639,0.01274500003882323,-0.982793723247329,0.18654377654527338,-1.0986743443911198,0.01274500003882323,-0.982793723247329,0.29287913671770854,-1.1611502181700588,0.014574465135517167,-0.24497866312686414,0.37743279904227034,-1.1868117028398777,0.022356208980236627,-0.3217505543966422,0.07490164148829412,0.33667481938672716,0.01580822697154891,-1.1071487177940904,0.2135573864259468,1.3539227111284884,0.014997000899700103,-0.7853981633974483,0.3236056423415666,1.4613453776535332,0.022356208980236627,-0.3217505543966422,0.41806708548367455,1.5031033041009279,0.032009219983223994,-0.11065722117389563,0.15910648651258644,0.02221856532671906,0.01580822697154891,-1.1071487177940904,0.2331110544236849,0.8605253193082104,0.007904113485774454,-1.1071487177940904,0.321047148393197,1.0776006698921967,0.01274500003882323,-0.5880026035475675,0.40174362574118155,1.2017273594274243,0.01274500003882323,-0.5880026035475675,0.25233812670289213,-0.19739555984988078,0.020611406258982206,-1.0303768265243125,0.27607881518711636,0.23255694180490902,0.024995001499500177,-0.7853981633974483,0.3082604259452037,0.4636476090008061,0.030407731713181493,-0.6202494859828215,0.34570897315856736,0.6475910655379813,0.03334749132886653,-0.5585993153435624
41,Stop,0.6567796610169492,0.437985744516295,-1.2669466733840062,0.003541715165745902,-0.0,0.35079075152124956,1.5405025668761214,0.005008741621460329,-0.7853981633974483,0.2253655449054858,1.043853099605467,0.0,1.570796,0.20944087677555928,0.3270980970057929,0.003541715165745902,1.570796,0.2766167972542061,-0.051237167403418805,0.0,1.570796,0.025043708107301645,-0.1418970546041639,0.0,1.570796,0.18214886495364474,-1.1071487177940904,0.005008741621460329,-0.7853981633974483,0.2902046049957739,-1.1562894522101108,0.003541715165745902,1.570796,0.3795092820893608,-1.1781588290347698,0.003541715165745902,0.0,0.0739531837952883,0.2914567944778671,0.003541715165745902,1.570796,0.21051616501320009,1.3503025654282248,0.003541715165745902,1.570796,0.32423623774697946,1.4613453776535332,0.0,1.570796,0.41888175355111856,1.5031033041009279,0.0,1.570796,0.15937718245856558,-0.0,0.003541715165745902,1.570796,0.2306197831426523,0.8288490587889791,0.007919515867549772,-1.1071487177940904,0.3185575421969646,1.0723369163282177,0.003541715165745902,1.570796,0.402526485034713,1.2017273594274243,0.0,1.570796,0.2500862233869726,-0.2140606835638215,0.005008741621460329,0.7853981633974483,0.27236687704002027,0.22290023232837575,0.005008741621460329,0.7853981633974483,0.30411353403378655,0.45843932276173427,0.005008741621460329,0.7853981633974483,0.3435646268560447,0.6538100219395278,0.003541715165745902,0.0
42,Stop,0.6536796536796536,0.44344855583804865,-1.2464617988210989,0.022041020171616698,0.16514867741462683,0.34425360319910114,1.5602703997631713,0.022041020171616698,-0.16514867741462683,0.22433665481111434,1.0276067505070687,0.02921376344611455,0.12435499454676144,0.2142785239777472,0.3270980970057929,0.03095938037345667,0.3587706702705722,0.2757687855761288,-0.052583061610941714,0.02430732047405575,0.4636476090008061,0.02430732047405575,-0.4636476090008061,0.025622165504553318,0.1418970546041639,0.19286530893083553,-1.1239538583091324,0.02921376344611455,0.12435499454676144,0.29546700942182896,-1.1675148450760604,0.027595916791539245,0.4048917862850834,0.3849298688238058,-1.1745569821843727,0.03240976063207433,0.4636476090008061,0.08278775037461773,0.4048917862850834,0.025364649767735167,0.0,0.22058884029882053,1.3218336210021795,0.022917161519572567,0.3217505543966422,0.32812381791544243,1.460139105621001,0.03240976063207433,0.4636476090008061,0.4174762143381223,1.5100017709201077,0.03919437656646639,0.5880026035475675,0.16731097504254067,0.08673833867598511,0.025622165504553318,-0.1418970546041639,0.2435319102027361,0.8169666198852265,0.022917161519572567,0.3217505543966422,0.3245024754433972,1.0571903220721477,0.02921376344611455,0.5191461142465229,0.4050733903427525,1.1952732971347029,0.03418423247571964,0.5585993153435624,0.25263507159374254,-0.1439254493882163,0.029880322899763015,-0.24497866312686414,0.278728652117054,0.2765139466174741,0.03281238179154424,-0.11065722117389563,0.3097210079323883,0.5002804282248521,0.03623521395390738,0.0,0.34749929131489216,0.6893978730279631,0.04002310196559285,0.09065988720074511
43,Stop,0.6475770925110133,0.45052465306032047,-1.2101044293012153,0.02218603584457484,0.0,0.3513567379885847,-1.5497468046578502,0.02691946315933689,0.27829965900511133,0.23165852695531206,1.0714496051147666,0.0330729895331442,0.4636476090008061,0.20818914951944859,0.34421868298246766,0.02691946315933689,0.27829965900511133,0.2742516710127698,-0.06746502452190475,0.029811589898658807,0.12435499454676144,0.023386135172997972,-0.3217505543966422,0.038604835739172914,0.2914567944778671,0.19016968981557913,-1.1071487177940904,0.03982515314667635,0.3805063771123649,0.29777172042389777,-1.1349193543875116,0.046772270345995945,0.3217505543966422,0.3904854357723595,-1.1410340476982082,0.05029378537428869,0.2984989315861793,0.08448190755542287,0.4048917862850834,0.03770900990025203,0.19739555984988078,0.21978612829629093,1.3503025654282248,0.045737684600460786,0.24497866312686414,0.3264230347165932,1.491418012235323,0.05029378537428869,0.2984989315861793,0.41790244881508165,1.5530990595371263,0.05740331604477777,0.26060239174734096,0.17073480391230947,0.08673833867598511,0.03770900990025203,0.19739555984988078,0.24105876373310742,0.8505233267318342,0.048635290189080756,0.15264932839526515,0.3224616479481559,1.1071487177940904,0.055955940680482895,0.13255153229667402,0.40224832321322546,1.2432318844164127,0.06019374954207854,0.18534794999569476,0.257300631720589,-0.1297025371559121,0.03716115012728448,0.09966865249116204,0.28192177520771333,0.2927130752239971,0.0408421292405977,0.09065988720074511,0.30821826031868166,0.5280744484263598,0.04821175274662149,0.07677189126977804,0.3430077220059102,0.732013819906713,0.055588208718783075,0.06656816377582381
44,Stop,0.6488888888888888,0.4507707668040515,-1.2071854232682653,0.00745661569228718,1.570796,0.3506393749341654,-1.5388922623098742,0.008336749785022895,1.1071487177940904,0.2317856334289407,1.121536214183016,0.01118492353843077,-0.0,0.2056323173080132,0.3906070436976868,0.008336749785022895,-0.4636476090008061,0.27239620300914147,-0.041072778590454065,0.005272623520718288,-0.7853981633974483,0.02236984707686154,0.0,0.00372830784614359,1.570796,0.18359786908994463,-1.0617254383725134,0.008336749785022895,1.1071487177940904,0.29178624247580126,-1.1071487177940904,0.008336749785022895,1.1071487177940904,0.3786206299278822,-1.1335742830539086,0.011789944612090363,-1.2490457723982544,0.07900142687718696,0.33667481938672716,0.005272623520718288,0.7853981633974483,0.2127750220103874,1.3768371795350034,0.008336749785022895,0.4636476090008061,0.3214138709953524,1.5011417530663285,0.005272623520718288,0.7853981633974483,0.41763705038728033,1.5529410816553442,0.0,1.570796,0.16442640732094355,0.06807645825799948,0.00745661569228718,0.0,0.23779473623561415,0.851966327173272,0.00372830784614359,0.0,0.3218028612323671,1.101967417009852,0.0,1.570796,0.4043968188418654,1.2519612160330296,0.005272623520718288,-0.7853981633974483,0.25994087431969726,-0.1439254493882163,0.0,1.570796,0.28425749616626644,0.2927130752239971,0.00372830784614359,1.570796,0.31266701935024477,0.5383745133462301,0.00745661569228718,1.570796,0.35111476465639696,0.7328151017865066,0.008336749785022895,1.1071487177940904
45,Stop,0.6339285714285714,0.45510718256891686,-1.1887514893578448,0.018852494482017066,0.0,0.35492793823824703,-1.5176549179499612,0.019225847448741062,0.19739555984988078,0.22938148529188532,1.1292039644876053,0.02262299337842048,0.0,0.20304757962251146,0.3805063771123649,0.02262299337842048,0.0,0.26812993001300733,-0.05627853628876196,0.018852494482017066,0.0,0.015546165211146094,-0.24497866312686414,0.018852494482017066,0.0,0.1872006187275462,-1.0891326492400353,0.02262299337842048,0.0,0.29846541447790137,-1.1127983751976749,0.026393492274823894,0.0,0.3895492900996187,-1.120135000714263,0.03393449006763072,0.0,0.08826511619220295,0.348771003583907,0.018852494482017066,0.0,0.21594131407194014,1.35970299357215,0.02293504940757347,0.16514867741462683,0.3285746957383609,1.513388212158097,0.030163991171227304,0.0,0.4223127086460838,-1.5618679926150598,0.037893044938427885,0.09966865249116204,0.174097453255427,0.08673833867598511,0.018852494482017066,0.0,0.24333597541095525,0.8621700546672264,0.026393492274823894,0.0,0.3271437466807566,1.1174576309403337,0.030163991171227304,0.0,0.4113992710861472,1.2635375114637544,0.030163991171227304,0.0,0.2619072236528336,-0.11542666036692473,0.026661453381032475,-0.1418970546041639,0.28026247902810847,0.300477168372581,0.034143319669855,0.11065722117389563,0.3110375932560862,0.5341825749053843,0.03109233042229219,0.24497866312686414,0.3497633140976071,0.732013819906713,0.03109233042229219,0.24497866312686414
46,Stop,0.6339285714285714,0.4523498813159215,-1.204220936950718,0.005332290676206494,-0.7853981633974483,0.35837595323285676,-1.5392278703071185,0.003770498896403413,0.0,0.2327958660902184,1.1361261116456518,0.003770498896403413,-0.0,0.20304757962251146,0.3805063771123649,0.005332290676206494,0.7853981633974483,0.26794429035768935,-0.0422284021130019,0.003770498896403413,-0.0,0.02293504940757347,0.16514867741462683,0.005332290676206494,0.7853981633974483,0.18429217385842753,-1.033885584054851,0.005332290676206494,0.7853981633974483,0.2934456019376667,-1.089909046599561,0.003770498896403413,1.570796,0.3861587328553864,-1.115882120202517,0.003770498896403413,-0.0,0.07512665828671208,0.30587887140485215,0.00843109184144597,0.4636476090008061,0.2144880369584607,1.39408747072486,0.005332290676206494,-0.7853981633974483,0.3246134596850546,1.5243181954438936,0.0,1.570796,0.42236320136794037,-1.5529410816553442,0.003770498896403413,1.570796,0.16252556064143894,0.0696545737285682,0.007540997792806826,0.0,0.23558830226912925,0.8760580505981934,0.003770498896403413,0.0,0.32049240619429015,1.1334584350470127,0.003770498896403413,0.0,0.4055696962353168,1.2784490606022596,0.003770498896403413,0.0,0.2586298404480849,-0.13158814145792064,0.0,1.570796,0.28026247902810847,0.300477168372581,0.005332290676206494,0.7853981633974483,0.3077983675829383,0.5404195002705842,0.003770498896403413,1.570796,0.344190999074911,0.746657865733969,0.005332290676206494,-0.7853981633974483
47,Stop,0.631578947368421,0.45181762240575746,-1.2101044293012153,0.018541423312082698,-0.0,0.3561691110182975,-1.5395564933646284,0.018908615855618767,0.19739555984988078,0.23054080963354545,1.121536214183016,0.016583953170166487,0.4636476090008061,0.20110393899530646,0.3976279915221293,0.018908615855618767,0.19739555984988078,0.26709948373859005,-0.027770636593421036,0.015289649353001323,0.24497866312686414,0.026221532313648026,0.1418970546041639,0.016583953170166487,0.4636476090008061,0.18633899812498247,-1.0269638704927742,0.018541423312082698,0.6435011087932844,0.293610917264794,-1.0845536937073916,0.018541423312082698,0.6435011087932844,0.386409667636725,-1.1028568986520793,0.015732919388188812,0.7853981633974483,0.07388704845636317,0.30587887140485215,0.019969724058882202,0.3805063771123649,0.21399083907476224,1.4141944498128813,0.018541423312082698,0.6435011087932844,0.3265186234216114,1.5367186152078889,0.02097722585091842,0.7853981633974483,0.42280950413593915,-1.5532542667374942,0.023744607401219836,0.6747409422235527,0.16333299656461542,0.04542327942157701,0.02255661499622691,0.16514867741462683,0.2369242775895521,0.8740540452648857,0.02487592975524973,0.4636476090008061,0.3234933767428317,1.132784126315768,0.026740820988719008,0.5880026035475675,0.40243004981549213,1.281104755549737,0.02162282947894349,0.5404195002705842,0.2585448404889456,-0.1439254493882163,0.02255661499622691,0.16514867741462683,0.27918236742213487,0.29654580906970046,0.02345325149100973,0.3217505543966422,0.30464410515071566,0.5508575345317164,0.02162282947894349,0.5404195002705842,0.3385117561044256,0.746657865733969,0.019969724058882202,0.3805063771123649
48,Stop,0.6379310344827587,0.44831067749248554,-1.223410363876577,0.03125990229758151,-0.6202494859828215,0.3561397430583605,-1.5605925993009424,0.02838158686279188,-0.6947382761967033,0.22751749107946595,1.1071487177940904,0.027674880432845994,-0.4048917862850834,0.19906951306810228,0.37372681996555346,0.02645511728398101,-0.27829965900511133,0.26930041378932806,-0.05400150037596829,0.022104088893848822,-0.16514867741462683,0.02569548140493406,-0.1418970546041639,0.029297356433997685,-0.12435499454676144,0.19025070474794178,-1.0729739941778955,0.03270500846510708,-0.0,0.3007578989062295,-1.1341691669813554,0.03705855030128848,0.19739555984988078,0.3903684055823509,-1.148791296892679,0.04062812340704749,0.17985349979247828,0.07969742590418602,0.4228539261329407,0.03270500846510708,-0.0,0.22235130180773094,1.373400766945016,0.03997278812401976,-0.0,0.3314019863681756,1.5049575574922027,0.03997278812401976,-0.0,0.42154688324416695,1.5621758506827603,0.04013762506303034,-0.09065988720074511,0.16778972281960283,0.08673833867598511,0.03652014080689244,-0.09966865249116204,0.24476884924892967,0.8589494538859881,0.04013762506303034,-0.09065988720074511,0.32666628218981014,1.0971987974012853,0.044208177787697645,-0.16514867741462683,0.40798404682481615,1.2349621965753943,0.05100407427497699,-0.07130746478529032,0.26055268825976735,-0.13992467057411775,0.037938923639136896,-0.2914567944778671,0.2815971546948239,0.3013452237101041,0.03705855030128848,-0.19739555984988078,0.31101087202618366,0.5263923642264201,0.04494873479611873,-0.24497866312686414,0.3425314653794366,0.7178319959609496,0.04494873479611873,-0.24497866312686414
49,Stop,0.6483050847457628,0.4407646016224081,-1.2592494998922086,0.017777391507788398,-0.9272952180016122,0.35215392742014645,1.5405025668761214,0.015084616904358382,-0.7853981633974483,0.22932145988512614,1.0516502125483738,0.012819459325065828,-0.5880026035475675,0.20932076426520466,0.36473481426441334,0.015084616904358382,-0.7853981633974483,0.2739795381191967,-0.03894134309703925,0.017777391507788398,-0.6435011087932844,0.028665182485640768,-0.12435499454676144,0.022486819208458526,-0.3217505543966422,0.18763360913940827,-1.0986743443911198,0.028665182485640768,-0.12435499454676144,0.29602426371015395,-1.1501329776618616,0.028665182485640768,-0.12435499454676144,0.3856341983140211,-1.1731683352727673,0.031999304714019114,-0.0,0.07533923448528343,0.33667481938672716,0.028665182485640768,-0.5191461142465229,0.21480503887919694,1.3539227111284884,0.030378019924904028,-0.3587706702705722,0.32479639711134767,1.4831096716653962,0.03277989026815123,-0.21866894587394195,0.41978741975277667,1.536910996890779,0.035554783015576796,-0.0,0.15999652357009558,-0.0,0.030169233808716764,-0.7853981633974483,0.23414923522723607,0.8391098927006808,0.028665182485640768,-0.5191461142465229,0.31979545956522915,1.0723369163282177,0.033730228812687786,-0.3217505543966422,0.40282172673622046,1.2099595437618058,0.036258906479596675,-0.19739555984988078,0.25453351058032286,-0.21109333322274654,0.03277989026815123,-0.8621700546672264,0.27342529708338986,0.22290023232837575,0.040225645078289025,-0.7853981633974483,0.30371777224576124,0.47411843050550295,0.038458377975197494,-0.5880026035475675,0.339282809359138,0.6665578188296831,0.04296100777583939,-0.4266274931268761
