,Label,size_ratio,0_dist,0_angle,1_dist,1_angle,2_dist,2_angle,3_dist,3_angle,4_dist,4_angle,5_dist,5_angle,6_dist,6_angle,7_dist,7_angle,8_dist,8_angle,9_dist,9_angle,10_dist,10_angle,11_dist,11_angle,12_dist,12_angle,13_dist,13_angle,14_dist,14_angle,15_dist,15_angle,16_dist,16_angle,17_dist,17_angle,18_dist,18_angle,19_dist,19_angle,20_dist,20_angle
0,Four,0.5754716981132075,0.44822904106046424,-1.312544106983858,0.36060982573004124,1.5027198685368972,0.20661326656381765,1.0982993912778327,0.05560753216260561,1.2722973952087173,0.10613966334026168,-0.2730087030867106,0.09820546674840074,0.04164257909858842,0.22854554935206114,-0.747441718209134,0.33658793122791125,-0.871392454591689,0.4211195945457098,-0.9370036508357211,0.024530082446699606,1.570796,0.21330047272044803,-1.3583643062861546,0.34507199357740925,-1.331564726831236,0.4472023828770586,-1.3213831029368495,0.09412081785990051,0.04345089539153084,0.20490736805816012,1.0714496051147666,0.3144839908762979,1.2942823801774226,0.4041057586787966,1.3773690000840493,0.19542983246080475,-0.2754261036960353,0.23145244581280294,0.30499234681440474,0.2857459222783116,0.5919708366866009,0.34412615718838085,0.7601934180705066
1,Four,0.5970873786407767,0.44953820751674894,-1.2695707489325108,0.3709460510820157,1.570796,0.2201126501068937,1.2430578200143412,0.07548447995547974,1.460139105621001,0.10020390919024497,-0.29544083714372,0.0879226462925599,0.09495170634275632,0.23018163214049725,-0.7341609959940295,0.3399613202945998,-0.8634998411174337,0.428466772180992,-0.9234041870549677,0.030343011403053247,1.2924966677897853,0.21338026786176711,-1.3542460218188075,0.3427095553264921,-1.3376165261480801,0.4417615928978105,-1.3326825443848853,0.10494587537605742,0.11942892601833845,0.2145574912471969,1.0636978224025597,0.3177758631092768,1.2780832515708995,0.4078828913463648,1.3754047722783236,0.203547108417835,-0.18534794999569476,0.24647255189893386,0.3270980970057929,0.3005539342937285,0.5880026035475675,0.35662020796147137,0.7771338887377971
2,Four,0.6048780487804878,0.45680665798763603,-1.2259285040139614,0.3758581060261668,-1.5374753309166493,0.21270428823006693,1.2924966677897853,0.06794589251259116,-1.3854483767992019,0.13179163623940193,-0.19118445959701444,0.08200378968238682,0.25732371497108864,0.2250028793352076,-0.7066142024083045,0.33414533827172677,-0.8472660092618284,0.4257565255091295,-0.9174916105223162,0.02672589138832443,0.8960553845713439,0.20553990064027308,-1.3455195475808412,0.34013945452094024,-1.3228414819792058,0.440399051872061,-1.312025434831199,0.10860119526459519,0.03844259002118799,0.21547102492570414,1.0204103791181054,0.3167754470530852,1.2490457723982544,0.40609114615959835,1.3532422076608883,0.20873588455397732,-0.20131710837464076,0.25474367473965626,0.3165692536124036,0.3044646670330439,0.5803981873938742,0.3572268428179285,0.7606098533601487
3,Four,0.5951219512195122,0.456010985704399,-1.2432318844164127,0.369100314154584,-1.5367186152078889,0.2108064707593355,1.2679114584199251,0.06759214003185054,-1.446441332248135,0.12913460221184453,-0.22923193327699534,0.08549804577027752,0.19739555984988078,0.2259734040444367,-0.7066142024083045,0.3355866367485489,-0.8472660092618284,0.42505812546405836,-0.925322833971566,0.024442688965044805,1.0303768265243125,0.21051452378072955,-1.3499675570655483,0.3426594855362858,-1.3109819569490586,0.4433898546991136,-1.3028859043715568,0.10971217089324835,0.11487660541689915,0.21946437907207514,1.0729739941778955,0.32244846028714225,1.2942823801774226,0.41693996671576766,1.3990361754666933,0.20812199710395685,-0.16183743123842292,0.2585751905561182,0.3473859629183197,0.3046264480295399,0.5994524848417375,0.35866973035037314,0.7771338887377971
4,Four,0.5980392156862745,0.4594147874227112,-1.2055948770067237,0.37501622383784,-1.5146755440937203,0.2265555861776941,1.3078015951139772,0.08924461759630944,-1.4288992721907328,0.13303802104754786,-0.3217505543966422,0.07757383009136681,0.21866894587394195,0.21767069387827873,-0.7170118198069448,0.3280945255549307,-0.857997617127943,0.41990306508859454,-0.9132680819574482,0.03285796733973535,0.6947382761967033,0.20545653890915952,-1.3854483767992019,0.3377436845600181,-1.3318598862087332,0.4428387908599082,-1.3212094013579119,0.11787198695930477,0.03569911267932397,0.21718227734536805,1.0204103791181054,0.32328512854179237,1.2531609755053659,0.41342514918942813,1.3554386270971586,0.22041794572234855,-0.23109066719589708,0.2554884269065545,0.30092023436042514,0.30459606212481954,0.5688478584213591,0.3541161251461102,0.7601934180705066
5,Four,0.5853658536585366,0.46074048008256013,-1.2259285040139614,0.3752653764888468,-1.5146755440937203,0.22973468159066648,1.330262078848992,0.09413458629393436,-1.3909428270024184,0.13057250984747462,-0.3625442372645076,0.08270997098267954,0.25732371497108864,0.21781530956949136,-0.7170118198069448,0.32831250444658033,-0.857997617127943,0.4176224453588711,-0.9212469046592403,0.02381437594292009,0.7853981633974483,0.20641033932194064,-1.3654009376051293,0.33898908850686754,-1.319793640151862,0.4441915787333592,-1.312025434831199,0.11374325338949143,0.037020115873930025,0.209393918312211,1.044169055361146,0.3197806071134805,1.2906883514968428,0.41457709687248573,1.397300597832115,0.21465988388843618,-0.19739555984988078,0.2529401763879986,0.3217505543966422,0.30357491909246026,0.5880026035475675,0.35131249572137035,0.7684506335910434
6,Four,0.5931372549019608,0.46669476814349486,-1.1718356690618725,0.37714728792667174,-1.4700153277102288,0.20589979167570335,1.3854483767992019,0.07363115876278523,-1.1583858851975093,0.14141255750746098,-0.17985349979247828,0.06380128954017864,0.13255153229667402,0.21765082726735516,-0.7717003900245826,0.3320034381620993,-0.866302262552679,0.42080896565651493,-0.9132680819574482,0.044817841591645015,0.7188299996216245,0.2170374371498,-1.4343937223939491,0.3457208466616006,-1.3494818844471053,0.44379417305520724,-1.3212094013579119,0.13178288089167323,0.1283232276857948,0.22926479842470066,1.008298395725824,0.33731498053441183,1.2529983209850046,0.4308070119563287,1.3638041325750756,0.2308102476603103,-0.16514867741462683,0.26403743807335167,0.3419498269777101,0.3112218783111274,0.6218242878305899,0.3608407111268745,0.810186473434748
7,Four,0.5812807881773399,0.47480171790135267,-1.155304230854006,0.38306145013989645,-1.4257546284682912,0.2240666548493815,1.4181469983996315,0.0917388259610254,-1.1902899496825317,0.14783855569645712,-0.2030452172534651,0.0609777110686023,0.4324077755705379,0.20513425102487526,-0.7266423406817256,0.32012413024224534,-0.8607270542257884,0.4165207817211189,-0.9232052612569154,0.043847730547251156,0.507098504392337,0.2108032148544202,-1.4288992721907328,0.3399900026377286,-1.356203445303673,0.4431269860491102,-1.328148661777159,0.13264169248072435,0.0964737751825869,0.22799865269582234,0.9983365129768454,0.33669308449284074,1.2490457723982544,0.43100923273158687,1.361773383988632,0.23248895191746327,-0.1470783553884025,0.26671533241143197,0.3419498269777101,0.30843732921865735,0.6186443509247471,0.3554050290300105,0.8023456932038533
8,Four,0.5763546798029556,0.4741102213852087,-1.1635404787200498,0.38273992986215755,-1.4478244572305994,0.22523420156266694,1.3994172004053889,0.09447562607071908,-1.2490457723982544,0.14077845227731609,-0.24497866312686414,0.06895122593661704,0.3805063771123649,0.21159854537777262,-0.7283173809911837,0.32080857079311387,-0.8607270542257884,0.4174113228779935,-0.9232052612569154,0.03817391762940003,0.4636476090008061,0.2070297235249579,-1.4259838285559576,0.3416512311887886,-1.3439974787410107,0.4451191744425829,-1.3188410326762603,0.13258225313107758,0.06442683942555355,0.22032833129855942,1.0204103791181054,0.32949199541814095,1.2818209168023302,0.42450786708161137,1.3990361754666933,0.22944080617174634,-0.1682067718570861,0.2618463629624079,0.3320594675428855,0.30314633626567256,0.615339541805392,0.353211895753985,0.8110335719191257
9,Four,0.5920398009950248,0.4805898529889479,-1.1191003399349986,0.3821701588003471,-1.401964424783776,0.21047144589478267,1.4893442824890257,0.08077553782832311,-1.0121970114513341,0.14185871757358448,-0.09065988720074511,0.05415204359369063,0.3217505543966422,0.2119898620779795,-0.7568345055586883,0.3250532519187738,-0.8693127903366398,0.4212910662839874,-0.9151007005533605,0.05225742351454555,0.6107259643892086,0.21190338854304244,-1.4288992721907328,0.3427015833143866,-1.3439974787410107,0.4423429825915761,-1.3164282682416306,0.13865725668028173,0.15499674192394097,0.23421150122994203,1.0335116124941248,0.3387209244610044,1.2890244595215443,0.43003167178428026,1.4007377052028402,0.24111345636031833,-0.10673567264913564,0.2726825604014921,0.38633721482131445,0.31691670990817794,0.6705215579805492,0.3678006242779325,0.8760580505981934
10,Four,0.6080402010050251,0.48594796261166884,-1.0834377472897063,0.39075070107954957,-1.3604704531298388,0.2196514194443908,1.4925251862736186,0.09884850096032768,-0.9707461133931431,0.16590598627934702,-0.18216831047276344,0.05188102893808011,0.4266274931268761,0.20075077549435089,-0.7248661436153412,0.3191525318038976,-0.8329812666744317,0.41177051547321203,-0.8813984537669336,0.05581815857267644,0.39479111969976155,0.20827786462143563,-1.4259838285559576,0.3374316351545635,-1.313472611823808,0.44005758327458755,-1.2737321144538538,0.1465531358048925,0.08800737352774077,0.22986362209120081,0.9983365129768454,0.3355963396873296,1.2854669066127613,0.43059241751454114,1.4105656425168345,0.2508420243409642,-0.12010873556691289,0.27590183837101157,0.36605651584741833,0.31258640632797685,0.6489955589965009,0.36232862483308925,0.8608847083313718
11,Four,0.601010101010101,0.48407604442900387,-1.08715138382094,0.38125771338769604,-1.353358907391949,0.2128188383563275,1.4893442824890257,0.09364717259717231,-0.982793723247329,0.1630083526677248,-0.18697926991891112,0.05066779756151678,0.348771003583907,0.2052893742062593,-0.7406519319428327,0.32211355791961604,-0.851966327173272,0.4157717050819405,-0.8960553845713439,0.05424023585502321,0.49934672168013006,0.21426675149105207,-1.4288992721907328,0.3443810857759647,-1.3166715772392625,0.44779983080191443,-1.2765617616837088,0.14389737850990172,0.12062366858010272,0.23311528049805422,1.0240074859056492,0.33600850377178276,1.3101939350475558,0.4316921355297052,1.4501726582147938,0.2476914871377793,-0.0874953408023913,0.27572379473121295,0.38633721482131445,0.32385409774040985,0.6622155012561721,0.377503821438902,0.8584387287005677
12,Four,0.6069651741293532,0.4932390870168351,-1.0569977551575243,0.3899107436189838,-1.3284631601418817,0.20839746081262178,1.570796,0.09928750425608364,-0.7551044034786732,0.18411159326242213,-0.11575921772081071,0.042102645063617904,0.7853981633974483,0.18684221085519687,-0.7209713239718948,0.30097366941135634,-0.8253768505207383,0.39810530737501093,-0.8610113066342782,0.0608938276317605,0.21109333322274654,0.19307913252185738,-1.4382447944982226,0.3249310318428562,-1.3194685426340562,0.4318218491842885,-1.270849170297955,0.15334443482375615,0.05549850524571683,0.22768500841091455,0.9983365129768454,0.33124363817883556,1.297787623708186,0.4300589610245239,1.4219063791853994,0.25268746337460907,-0.11809202841909398,0.2757905259744032,0.3461359635693607,0.31302264786631034,0.640783724177508,0.3644955605443051,0.8431849941683859
13,Four,0.5970149253731343,0.491269743460892,-1.0721435675293898,0.382315597331854,-1.3339475658479765,0.20949000089109032,1.5300026439270311,0.09684725544395985,-0.8478169733934057,0.17597325990316037,-0.09725319825156578,0.052143345564956284,0.6107259643892086,0.1908951043341433,-0.7061990924279968,0.30833627393442103,-0.824593765324503,0.4036520567744794,-0.8828330146897044,0.05403382968868406,0.3217505543966422,0.1987626180827533,-1.4197809838735371,0.33157691296406755,-1.3101939350475558,0.43372457293095507,-1.270849170297955,0.14580375905459275,0.08800737352774077,0.2264027135861758,1.014197008784674,0.3305020171878941,1.32268287769822,0.4302395974365334,1.4513674007765582,0.2490836475063075,-0.10308160852270024,0.2760488887797796,0.3805063771123649,0.31697416158543573,0.6515871859228575,0.36930254879698055,0.8508781883209131
14,Four,0.6161616161616161,0.5,-1.0185779640442647,0.39635318064837993,-1.307398694249396,0.21503362903998022,-1.550798992821746,0.10355320269834466,-0.7266423406817256,0.18997193449837965,-0.09065988720074511,0.04570763601349687,0.851966327173272,0.18608802525424945,-0.7036137827794523,0.3041034745546451,-0.8053954973705989,0.39600317924319045,-0.8468591192802142,0.06577448665110837,0.19739555984988078,0.19946682369597615,-1.4410937896389846,0.3337552179089305,-1.3101939350475558,0.4378636739364359,-1.2614674937202095,0.1596151635770278,0.0809040991552306,0.23254792770031385,0.982793723247329,0.3348888911898843,1.297787623708186,0.42991676839520304,1.430313698404499,0.25927549723023313,-0.09966865249116204,0.2818592002856791,0.3748407153555978,0.31905653329643047,0.6515871859228575,0.3628440713928629,0.8608847083313718
15,Four,0.6212121212121212,0.49663435739269235,-1.025932411343353,0.3924686227278411,-1.2939981681629065,0.20592515176603812,1.570796,0.09120893290760405,-0.7188299996216245,0.1802355732654301,-0.023805026185069942,0.04416935831895301,0.507098504392337,0.19776417620643472,-0.7086262721276703,0.31258959660137514,-0.8145161449044872,0.4076279291120764,-0.85988695361133,0.06142498907112834,0.4324077755705379,0.20752770629941192,-1.446441332248135,0.3371489418858959,-1.313472611823808,0.4409637691462496,-1.2644291741788496,0.15592636914676106,0.13800602365751946,0.23692892122655915,1.0179551052023572,0.3371489418858959,1.313472611823808,0.42782932665731754,1.4501726582147938,0.2534433327295246,-0.050803704058221655,0.28447649613281806,0.40291159085351574,0.3202673592770436,0.6810170104471179,0.3685749030887293,0.8760580505981934
16,Four,0.6130653266331658,0.5018274395781058,-1.0230563130789943,0.39604356996988377,-1.2969542905677538,0.20996554033223505,-1.5503909961083586,0.09434793337370728,-0.6889243882148613,0.18869586674741456,-0.04542327942157701,0.04554080929840442,0.7188299996216245,0.19144787703444666,-0.7061990924279968,0.30609722724386673,-0.8150924030043578,0.40101733526664735,-0.8610113066342782,0.0636880070852422,0.3430239404207034,0.20248977918073346,-1.4648119688052967,0.3314590479778345,-1.32268287769822,0.43498050405712635,-1.270849170297955,0.15943600698407084,0.1076898708328207,0.23527576325585753,0.992894389832651,0.33366659184319164,1.297787623708186,0.4277687961681296,1.440230231995269,0.2579381186401649,-0.08314123188844122,0.28242711087262745,0.388956880179007,0.32050822264886947,0.6622155012561721,0.36477958563392165,0.8685393952858895
17,Four,0.61,0.5,-1.0230563130789943,0.39577703036617595,-1.2865708112285175,0.21346858338093674,-1.550798992821746,0.09361590937681674,-0.7531512809621944,0.18433870841434077,-0.09275632018814374,0.048292768933138455,0.7853981633974483,0.18473364985992455,-0.7036137827794523,0.30498255286837983,-0.8150924030043578,0.39955700270573974,-0.8610113066342782,0.0621505609274676,0.27829965900511133,0.198015075483651,-1.4410937896389846,0.3272035566440321,-1.3068326031691921,0.4306128736801573,-1.2584498838783982,0.15461229962426146,0.11065722117389563,0.23211477424039395,1.008298395725824,0.3354522937495337,1.313472611823808,0.42991415288396595,1.4513674007765582,0.25667958772998184,-0.06656816377582381,0.27745367320854,0.39479111969976155,0.3153507642472632,0.6895390162874351,0.3646523793597912,0.9015397902774385
18,Four,0.6262626262626263,0.5,-1.0112895706840772,0.4021971536258758,-1.2793395323170296,0.2140622471566392,-1.550798992821746,0.09387625857362236,-0.7531512809621944,0.1842557051913621,-0.046478131351002934,0.04550115868363885,0.7188299996216245,0.18804504266944674,-0.7209713239718948,0.30272973312098067,-0.8053954973705989,0.40025642202368006,-0.8459301831795555,0.06363255640983638,0.3430239404207034,0.19856576250042787,-1.4410937896389846,0.3322475292111455,-1.3101939350475558,0.43314490740377,-1.2490457723982544,0.15929719224208275,0.1076898708328207,0.23507091778217684,0.992894389832651,0.333376081294584,1.297787623708186,0.4268601651434523,1.4501726582147938,0.2577135419334019,-0.08314123188844122,0.2821812125509883,0.388956880179007,0.3135220552845872,0.6790053086985441,0.3589917071525803,0.886744666663116
19,Four,0.6130653266331658,0.5018274395781058,-1.0230563130789943,0.39722354758496864,-1.2865708112285175,0.21420594835043405,1.570796,0.09087988718945236,-0.7853981633974483,0.18013688676092657,-0.047583103276983396,0.04846927316770793,0.7853981633974483,0.18869586674741456,-0.6889243882148613,0.30299353783218647,-0.8053954973705989,0.3977776199885452,-0.8539926668517228,0.05827031778568273,0.2984989315861793,0.19933817264975076,-1.4197809838735371,0.3295431639240177,-1.2942823801774226,0.43894975059331115,-1.2428730112934734,0.15517738889545213,0.11065722117389563,0.23070686690712575,1.0240074859056492,0.3314590479778345,1.32268287769822,0.4262859830885956,1.4701276746370677,0.2533432505637794,-0.06769302269396865,0.28014338415035894,0.4089078289509254,0.3171405694210214,0.6705215579805492,0.36533262508619757,0.8850668158886104
20,Four,0.6212121212121212,0.49887141877492436,-1.0185779640442647,0.3977787885103224,-1.2865708112285175,0.2230855810798746,1.570796,0.09782949893893625,-0.9097531579442097,0.16353132835249712,-0.0787839609891438,0.04560446645380203,0.7188299996216245,0.18566799435122275,-0.7036137827794523,0.3034170636109198,-0.8053954973705989,0.4043867092338385,-0.852964330833947,0.06377703047824833,0.3430239404207034,0.20327142420264982,-1.4438235371808177,0.3330018781635244,-1.3101939350475558,0.438200391307706,-1.252141737738804,0.15592636914676106,0.13800602365751946,0.23470455369009832,1.0335116124941248,0.3360827475489942,1.3258176636680326,0.426881847621689,1.4701276746370677,0.2534433327295246,-0.050803704058221655,0.28053496987782417,0.4089078289509254,0.31694574301601774,0.6895390162874351,0.3631418106947908,0.8942103682146934
21,Four,0.6122448979591837,0.5,-1.0214218420233456,0.3992760792463605,-1.2835148733977624,0.22630850789404433,-1.5515679276951895,0.10533338829684495,-0.9025069079643125,0.17059024002243459,-0.10220671810725353,0.04625476387199795,0.851966327173272,0.188315529269552,-0.7036137827794523,0.304745114766833,-0.8156919233162234,0.4011683935403747,-0.8621700546672264,0.06335562462134088,0.27829965900511133,0.20185447411085575,-1.4410937896389846,0.3366554137629068,-1.32268287769822,0.4389622100729856,-1.2584498838783982,0.1619355248480574,0.1076898708328207,0.23896423980732964,0.992894389832651,0.33775032230645724,1.3101939350475558,0.4291034946825099,1.4590192852604178,0.2619818785632831,-0.08314123188844122,0.28118845888348604,0.3805063771123649,0.31332253156327045,0.6573891047242515,0.3582350116031678,0.871392454591689
22,Four,0.6224489795918368,0.5,-1.0140335566775973,0.39870804489709766,-1.2730961170835957,0.22128738117133126,-1.512040504079174,0.1041358616113871,-0.7853981633974483,0.17780187975040293,-0.04874185130993159,0.03993427996969441,0.7086262721276703,0.1931762748650354,-0.7378150601204649,0.3097235952279073,-0.8348627319990397,0.4087458510269032,-0.8679171178304299,0.06848672513487422,0.3217505543966422,0.2047283469870197,-1.4648119688052967,0.340400382289245,-1.313472611823808,0.4452163923560251,-1.2644291741788496,0.16172150801252802,0.13432144195296852,0.23921384688252836,1.0179551052023572,0.33621332457944836,1.3101939350475558,0.4271507767947083,1.4590192852604178,0.2645396724007974,-0.049140734416020175,0.2832404291638918,0.4089078289509254,0.32000234520716614,0.6895390162874351,0.3639475046161503,0.9034901918165422
23,Four,0.6142131979695431,0.5007197812601201,-1.025932411343353,0.39985965732566087,-1.2969542905677538,0.22076489193640636,-1.5316007248678418,0.10416939503754596,-0.844153986113171,0.17818332809140341,-0.09725319825156578,0.04281926251446313,0.7853981633974483,0.19290502323364872,-0.7378150601204649,0.3122087042722966,-0.824593765324503,0.408171903843218,-0.8679171178304299,0.06430167441121624,0.3430239404207034,0.20494357981500685,-1.4438235371808177,0.33574122513116034,-1.3101939350475558,0.4418051244694697,-1.252141737738804,0.1609722564688277,0.1076898708328207,0.23292984847898204,1.0240074859056492,0.33361696694878773,1.3352513460740334,0.4260901936606496,1.4691074750318196,0.2601000023557177,-0.06656816377582381,0.2788792215382849,0.4150747336946735,0.31622776601683794,0.698240888843165,0.36420781699047744,0.9201694478751794
24,Four,0.61,0.5,-1.0230563130789943,0.39577703036617595,-1.2865708112285175,0.21380972396354145,-1.5108681716736887,0.09964955721960392,-0.8156919233162234,0.17122025685475523,-0.07485984771076686,0.03935379192285149,0.7086262721276703,0.19036824831296298,-0.7378150601204649,0.3112507827744582,-0.8339037756378318,0.40607047338665353,-0.8747121563906706,0.06501612992445392,0.4048917862850834,0.2070561267692406,-1.4259838285559576,0.3406801567032386,-1.3045442776439713,0.4428163175478694,-1.2673364153550746,0.15514169462830413,0.13800602365751946,0.2393797709334738,1.027318732081853,0.33439146486513677,1.3258176636680326,0.42942649334219035,1.4612368000209524,0.2564310219783662,-0.049958395721942765,0.2791232225024202,0.4089078289509254,0.3180833662947772,0.6998928697192437,0.36540110175379736,0.9179496956941223
25,Four,0.6130653266331658,0.5018274395781058,-1.0230563130789943,0.39722354758496864,-1.2865708112285175,0.2145911726670512,-1.5108681716736887,0.09395806421268786,-0.8176450458327023,0.1673001938681255,-0.051237167403418805,0.03949762527666821,0.7086262721276703,0.19106402125572658,-0.7378150601204649,0.30922911964326577,-0.824593765324503,0.40427648800742894,-0.8679171178304299,0.06525375602253236,0.4048917862850834,0.21148973205176974,-1.4489538897749794,0.340823137598267,-1.3166715772392625,0.4444347576769055,-1.2673364153550746,0.15570871877426049,0.13800602365751946,0.234376940510764,1.0335116124941248,0.3356136252600874,1.3258176636680326,0.42673781946249334,1.460139105621001,0.25761772060500115,-0.06656816377582381,0.28014338415035894,0.4089078289509254,0.316503333182406,0.6895390162874351,0.35996798160918936,0.9034901918165422
26,Four,0.6192893401015228,0.49958543519839843,-1.025932411343353,0.394800731702437,-1.2939981681629065,0.21582314201547126,-1.550798992821746,0.10074869191035257,-0.8156919233162234,0.177779666075143,-0.09725319825156578,0.04272225843430302,0.7853981633974483,0.18637196450618163,-0.7362574289814281,0.30540301843466955,-0.8253768505207383,0.4039641167447677,-0.8610113066342782,0.06823562429386806,0.3217505543966422,0.20356643574687816,-1.4858945333451747,0.3370591199117502,-1.3382393849899876,0.4423016113053048,-1.2737321144538538,0.1648988370759469,0.10487693873023389,0.23467500037407032,1.008298395725824,0.330812612118822,1.3068326031691921,0.425584664251316,1.4590192852604178,0.2641344520028472,-0.08178438061799599,0.28289406863106564,0.3748407153555978,0.31680735583839364,0.6598484262889226,0.36468733522856833,0.8775732009539101
27,Four,0.6111111111111112,0.496659843447061,-1.0333530082131392,0.38893126277183776,-1.3016288340091962,0.21116570630780804,1.570796,0.0945148060640575,-0.8176450458327023,0.17286430777195294,-0.07485984771076686,0.043095042103634296,0.6435011087932844,0.19258228786329973,-0.7061990924279968,0.3079109846730225,-0.8150924030043578,0.40667199968899115,-0.8679171178304299,0.0640653858581213,0.3430239404207034,0.2084660022679667,-1.446441332248135,0.33867329494031473,-1.313472611823808,0.4470682243396706,-1.2673364153550746,0.15663135975341624,0.13800602365751946,0.2320739040984711,1.0240074859056492,0.3334230850785422,1.32268287769822,0.4249835444968872,1.4590192852604178,0.2548444180424068,-0.06769302269396865,0.2801177736736229,0.39479111969976155,0.3183787512548958,0.6895390162874351,0.36478368542595074,0.8942103682146934
28,Four,0.6030150753768844,0.4974705002067482,-1.0452125332432864,0.39251907075111214,-1.3045442776439713,0.21950920910855912,-1.551190995937692,0.09812976768777804,-0.9097531579442097,0.1640332561748147,-0.0787839609891438,0.043032749841650765,0.6435011087932844,0.19191834525964194,-0.7378150601204649,0.3077067301641292,-0.8348627319990397,0.40331582460494997,-0.8760580505981934,0.06397278175321398,0.3430239404207034,0.20816467250486523,-1.446441332248135,0.33818375543448215,-1.313472611823808,0.44515502578488025,-1.2765617616837088,0.15587124934770785,0.11065722117389563,0.23173845000148058,1.0240074859056492,0.32877133530005787,1.3194685426340562,0.4205997282511889,1.4477103670998908,0.25480330377808946,-0.08454375551299813,0.27808614000177667,0.3805063771123649,0.30986568127292313,0.6573891047242515,0.35706811525619636,0.8621700546672264
29,Four,0.6130653266331658,0.48893416846071713,-1.0679531158670357,0.38661651779825684,-1.3473197256542635,0.218867751380353,1.512040504079174,0.09627359990339605,-1.0074800653029286,0.1563556699671619,-0.16514867741462683,0.04284118967008681,0.6435011087932844,0.19397173611931517,-0.75415832996718,0.3155741470799242,-0.8430265908749223,0.4108512528276846,-0.8813984537669336,0.06237771371714827,0.27829965900511133,0.20675035629568608,-1.4670039863378537,0.3387706182621842,-1.341153884509762,0.4419500116444298,-1.2858389765447424,0.15476287118409893,0.08314123188844122,0.2293504599452632,0.9983365129768454,0.3242656409924387,1.303385529611023,0.4102253637222112,1.4451459961850504,0.2508314155142883,-0.13706617431018764,0.2778078557839001,0.3461359635693607,0.3162422755383311,0.6218242878305899,0.36080828575500956,0.8273902706188179
30,Four,0.605,0.48022325414525213,-1.0991807589325688,0.3834242387826283,-1.3799652240736346,0.21922397159693935,1.473069419436178,0.09392132259862111,-1.0460005551447893,0.15613231279189813,-0.16514867741462683,0.04782948306080315,0.4636476090008061,0.199741785327012,-0.7551044034786732,0.3151233431526163,-0.8430265908749223,0.41357432433288915,-0.887978015815743,0.05561398723536789,0.39479111969976155,0.20694198438559447,-1.446441332248135,0.33928604969426485,-1.3288757581104917,0.44542578368093505,-1.2885389048134055,0.14570339630473522,0.05875582271572269,0.2231131319062891,1.0040671092713902,0.32380242109371427,1.303385529611023,0.41388396877118894,1.446441332248135,0.24200016924892756,-0.1418970546041639,0.26650938182241685,0.3268266529299407,0.3108842814261276,0.5994524848417375,0.35998796162632485,0.7938013269450953
31,Four,0.6,0.48128580844625446,-1.0991807589325688,0.38348249442368526,-1.3909428270024184,0.21165489391376488,1.4489538897749794,0.08324750482040606,-0.9685089806599324,0.16432795401448969,-0.13082739607405694,0.05180563221708393,0.4266274931268761,0.2033271053369567,-0.7406519319428327,0.3190346191799475,-0.851966327173272,0.41852770658162,-0.9088546855893888,0.05573704017131537,0.39479111969976155,0.21165489391376488,-1.4489538897749794,0.3442009074739379,-1.3318598862087332,0.44641134420542466,-1.2885389048134055,0.1463401557210822,0.08800737352774077,0.223606797749979,1.0040671092713902,0.3256780257717555,1.2906883514968428,0.42019340784929027,1.427456271749295,0.2467807433616279,-0.13944005709133772,0.2711630722733202,0.3217505543966422,0.30804172750189696,0.6073052251662507,0.3577914279050757,0.8023456932038533
32,Four,0.5891089108910891,0.48070190349304015,-1.1111169509331238,0.3849719498418217,-1.4038261577699678,0.21534847547030112,1.4317003853128254,0.08583894977174905,-1.1071487177940904,0.16061829049210946,-0.18697926991891112,0.051538682427954376,0.4266274931268761,0.20518167041675864,-0.7559948751934432,0.32061298516262476,-0.8607270542257884,0.4163710707442525,-0.9088546855893888,0.05544983218863716,0.39479111969976155,0.21056425517661448,-1.4489538897749794,0.34242727098431175,-1.3318598862087332,0.4470508392046942,-1.3003602016418965,0.14527332557939762,0.05875582271572269,0.22477335280048905,0.9880568325449244,0.32112328999815837,1.2742505177251962,0.41023031473217764,1.4141944498128813,0.24192592725873008,-0.1593516409039169,0.26572272971919536,0.3268266529299407,0.30645441603245754,0.6073052251662507,0.36197905537798564,0.802063287111389
33,Four,0.5911330049261084,0.4817144061413786,-1.1150225708181911,0.3827363053455848,-1.4038261577699678,0.2098990628203397,1.4288992721907328,0.08363773400643491,-1.039072259536091,0.15895186190159993,-0.16076274062583473,0.049634967391462954,0.348771003583907,0.20692223232064777,-0.7709064243319483,0.32197867817765297,-0.8693127903366398,0.4173062101346656,-0.9151007005533605,0.05512781882584353,0.39479111969976155,0.20934144707752247,-1.4489538897749794,0.33946007970573405,-1.3439974787410107,0.4444546844754556,-1.3003602016418965,0.14474061713254338,0.08800737352774077,0.22116271328185538,1.0040671092713902,0.3139763763714518,1.2832204960144495,0.40365982029055436,1.4125560023440176,0.23988464322324538,-0.1418970546041639,0.26819918450273045,0.3217505543966422,0.3081665817221412,0.5994524848417375,0.35987693733213494,0.802063287111389
34,Four,0.5960591133004927,0.47522317237600636,-1.1390104416914508,0.38000612538058925,-1.4367731252148332,0.21844243949681894,1.415201498817867,0.09280277216246557,-1.1479424006619559,0.1529184895896197,-0.25168997175818675,0.05352398035175185,0.3217505543966422,0.20953117296489931,-0.7568345055586883,0.3240301278033593,-0.8593372010553886,0.41899825115067385,-0.9070959454205443,0.04730896182852408,0.4636476090008061,0.20888929101256345,-1.4489538897749794,0.33872688073346563,-1.3439974787410107,0.4434947079204516,-1.3003602016418965,0.13567035725265694,0.06241880999595735,0.21712700448995848,0.9936041129214358,0.3132982195859127,1.2832204960144495,0.4027879564600867,1.4125560023440176,0.23654480914262038,-0.17985349979247828,0.2622811574447961,0.3115468269026879,0.307500973497451,0.5994524848417375,0.3620542207028357,0.7936624380570995
35,Four,0.5931372549019608,0.4683486744179515,-1.1635404787200498,0.3817848069272857,-1.460139105621001,0.21584660692037622,1.3542460218188075,0.08803491721139452,-1.2793395323170296,0.1442130780395211,-0.2662520491509253,0.05962476952974936,0.1418970546041639,0.22061164726007262,-0.7853981633974483,0.335226977437747,-0.8744477460319461,0.4241538642101227,-0.9193430993441112,0.0514641553938216,0.6107259643892086,0.2165044266761247,-1.4536875822280324,0.3457208466616006,-1.3494818844471053,0.44485432786502854,-1.312025434831199,0.13550704548370218,0.09347678115858947,0.22125530040683944,1.0303768265243125,0.31620809145878104,1.2870022175865687,0.4061711773749845,1.4039411663951076,0.23154072249488636,-0.18311081726248413,0.261330678351679,0.3115468269026879,0.30170958219368177,0.5763752205911837,0.3547799046929633,0.7769949998498012
36,Four,0.5951219512195122,0.4678791434001972,-1.1753160273283003,0.3791514482317049,-1.4711276743037347,0.23101060569923423,1.3698420631067996,0.09786057742791499,-1.3986055122719576,0.12069430774444342,-0.3547056520109403,0.0600186818924384,0.21109333322274654,0.2164004350489487,-0.7717003900245826,0.330627995048843,-0.884174755465111,0.42505812546405836,-0.925322833971566,0.04686671667368834,0.4636476090008061,0.21109801397783398,-1.4513674007765582,0.34283892197265364,-1.361410933841401,0.4412445995593036,-1.3212094013579119,0.13420585263142798,0.031239833430268277,0.22090088852569556,0.9880568325449244,0.3168411893654252,1.2615974144678221,0.40455506199598906,1.3937231720160213,0.23188370780581605,-0.21866894587394195,0.25738320111117735,0.280536791738322,0.29771249460722116,0.5645693936681,0.3528413297628613,0.7601934180705066
37,Four,0.5951219512195122,0.46628025930688666,-1.183612252613574,0.37498059717737664,-1.4700153277102288,0.2228018275913421,1.3623311084149088,0.09786057742791499,-1.3986055122719576,0.12463374799744249,-0.3430239404207034,0.05592674247301562,0.2267988480538859,0.21341602244540953,-0.7853981633974483,0.330627995048843,-0.884174755465111,0.42505812546405836,-0.925322833971566,0.04888537793008961,0.5404195002705842,0.21109801397783398,-1.4513674007765582,0.3387397116426676,-1.3588386895522773,0.4412445995593036,-1.3212094013579119,0.1344021079436297,0.06241880999595735,0.22090088852569556,0.9880568325449244,0.3168411893654252,1.2615974144678221,0.4094338170410719,1.3854483767992019,0.23101060569923423,-0.200954263688097,0.25738320111117735,0.280536791738322,0.3034995357986256,0.5688478584213591,0.34981538346572066,0.7684506335910434
38,Four,0.6,0.4606881965550921,-1.2088375695571676,0.37312243571159576,-1.5034824510021916,0.2232269766287142,1.3439974787410107,0.09353231571309396,-1.3909428270024184,0.13365633736108148,-0.35144479400355166,0.0680925536590203,0.18534794999569476,0.21919313653017317,-0.73139666302148,0.3321121674887871,-0.8567056281827385,0.4233616056817301,-0.9114862584620387,0.035982600298377194,0.6202494859828215,0.21180474984251207,-1.412141064608495,0.3398712624911996,-1.3347726481689992,0.44243850238588334,-1.3028859043715568,0.12137597470335362,0.034469100999508014,0.2066196387649319,1.0164888305933455,0.31091582399956,1.2703191584223155,0.40033579354614185,1.3815973046949284,0.2232269766287142,-0.2267988480538859,0.24763994330358688,0.2736593210820904,0.2926829268292683,0.5404195002705842,0.34637278335561433,0.7426891076324442
39,Four,0.587378640776699,0.46402926625573193,-1.1919649899919897,0.3698616759037708,-1.4801364395941514,0.2193009965742997,1.3397056595989996,0.09035712192145078,-1.3370531459259951,0.1351149143736521,-0.2825549524695875,0.06402909442577855,0.19739555984988078,0.21624382651271654,-0.7443253848069942,0.32960993723507415,-0.866302262552679,0.4244321080727204,-0.925322833971566,0.04309455132912144,0.507098504392337,0.21132668894937362,-1.4317003853128254,0.3432284532949619,-1.3494818844471053,0.44465196160640275,-1.3235345626121362,0.12982459214068412,0.03224688243525392,0.2147805056146737,0.9936041129214358,0.31238993190989106,1.257520145801225,0.40141400825075596,1.371355780020662,0.22745796763119192,-0.22266094063636496,0.2570041321074783,0.280536791738322,0.2972740293995763,0.5645693936681,0.34640409228806013,0.7597627548757708
40,Four,0.5817307692307693,0.4587274552089809,-1.2289911548140078,0.3745878199898189,-1.5152978215491797,0.21978001577033643,1.3028859043715568,0.0881552586314893,-1.4288992721907328,0.12889305074499338,-0.3625442372645076,0.0711337619472363,0.11710874456686428,0.22340397099062984,-0.7590884461445261,0.33362103693715395,-0.8824375493794477,0.42471362070798535,-0.9312090923415627,0.038313464940111105,0.8621700546672264,0.21521441346093254,-1.396124127786657,0.3467191137741275,-1.3287246322237776,0.4465179638380176,-1.316788563668303,0.11665546140489663,0.07130746478529032,0.21453125516388002,1.0204103791181054,0.31286493241586555,1.2742505177251962,0.4026078532503239,1.373400766945016,0.21275289456452356,-0.21655030497608926,0.2471842990836923,0.28984648991161976,0.28940953558069893,0.560121384183393,0.3439185096547381,0.7597627548757708
41,Four,0.5942028985507246,0.4519019717209238,-1.2722973952087173,0.3654694310984701,1.570796,0.21679618638097686,1.2187520124794793,0.08347550740594172,-1.4711276743037347,0.13578670118093222,-0.4089078289509254,0.07988573715885915,0.15660187698201536,0.22326328291399272,-0.7590884461445261,0.3360645634448955,-0.8728935041998396,0.4302579956327272,-0.929225717533897,0.029366581027967943,0.7853981633974483,0.2020967055868346,-1.4056476493802699,0.33560233642534465,-1.3588386895522773,0.44018536043380563,-1.3326825443848853,0.11220954855347301,-0.037020115873930025,0.20619439082264046,0.9716210038085897,0.3077191734742707,1.1978086049948355,0.3988885520978537,1.3182420510168371,0.21164321973849862,-0.27829965900511133,0.2397291698062208,0.24497866312686414,0.2884808864427034,0.5280744484263598,0.33834073923793556,0.7246036075226594
42,Four,0.5893719806763285,0.45165339051776876,-1.281104755549737,0.37459092636535485,1.5596856728972892,0.21872567949161728,1.200890259338339,0.08365244129002676,-1.4711276743037347,0.139903042408593,-0.39707944522498234,0.08828647845353657,0.1418970546041639,0.22677388279258265,-0.746456820300409,0.3367768826671614,-0.8728935041998396,0.42869224694718316,-0.9370036508357211,0.024267631731849936,1.0303768265243125,0.20325073695303522,-1.3854483767992019,0.33631367591565753,-1.3588386895522773,0.43922954355533067,-1.3510996320536262,0.10820847717606459,-0.0,0.20431321537352906,0.9884433806509134,0.3079779735011069,1.240498971965643,0.401787011648968,1.3408918986629919,0.206966471427504,-0.2644883825492325,0.24128048295818016,0.26171350240120506,0.2855051185335376,0.5354195419366258,0.3418307325288508,0.7337200789150183
43,Four,0.5893719806763285,0.45165339051776876,-1.281104755549737,0.37459092636535485,1.5596856728972892,0.21979215865388213,1.2430578200143412,0.09193859196382319,-1.4801364395941514,0.13959317925427783,-0.4636476090008061,0.08488571333183274,0.19739555984988078,0.22089269851801263,-0.7454194762741583,0.3341176345738431,-0.8824375493794477,0.42534581039916786,-0.9312090923415627,0.020809322533858577,0.6435011087932844,0.20325073695303522,-1.3854483767992019,0.33721377147730386,-1.3467726797569732,0.44111837309775004,-1.3326825443848853,0.11267820620957845,-0.07393903765794034,0.20085039100355084,0.9770466600841254,0.30404407084144824,1.236059489478082,0.3967983694649978,1.3487144248894165,0.21057553847059018,-0.3217505543966422,0.2392619672051118,0.2281026282799428,0.28340433252321895,0.5227890853804023,0.3390578830205598,0.7246036075226594
44,Four,0.5769230769230769,0.4507516228780458,-1.2899586021736937,0.37083798377576804,1.5371012194488802,0.20958742040602732,1.205049025532552,0.07599232539087737,-1.4056476493802699,0.14383608024422173,-0.38588266939807375,0.09171037870769098,0.04542327942157701,0.22675661557736768,-0.7724118804772758,0.33754392980840203,-0.8902751021276822,0.42987750881619236,-0.9505468408120751,0.02793533439714179,1.1071487177940904,0.20264620104233966,-1.4056476493802699,0.3356634476011558,-1.3709676817219063,0.4435574393444216,-1.3531457105078537,0.10827319825607505,-0.0,0.20443541810943736,0.9884433806509134,0.30953784783978033,1.2277723863741932,0.40299671717156005,1.3308301530162505,0.20709026111484008,-0.2644883825492325,0.23740469201627618,0.2662520491509253,0.2878228294143386,0.5478635315018356,0.3417815828690266,0.7509290623979403
45,Four,0.5741626794258373,0.45311887277679574,-1.2924966677897853,0.3736513946839079,1.5374753309166493,0.21271378619047795,1.2120256565243244,0.0789472929063919,-1.5182132651839548,0.139174355446045,-0.4636476090008061,0.08753121622294185,0.09495170634275632,0.22306522914050808,-0.7590884461445261,0.33311517570832033,-0.8824375493794477,0.4249619049402792,-0.9448715328461078,0.02419482114043693,1.0303768265243125,0.20191742839164215,-1.4056476493802699,0.3353046282296585,-1.3588386895522773,0.4428768154066833,-1.3439974787410107,0.10796358366188953,-0.03844259002118799,0.20370021093167764,0.9884433806509134,0.30842466280743785,1.2277723863741932,0.4055791081589179,1.333261694899284,0.20866872963784494,-0.3028848683749714,0.23951650937198027,0.24497866312686414,0.28464851263307045,0.5354195419366258,0.33773486713899803,0.7419472680059175
46,Four,0.5845410628019324,0.4461037135257112,-1.334887709726425,0.3761917920340735,1.5042281630190728,0.22021668988225238,1.1410340476982082,0.07610723819968583,1.4056476493802699,0.1194292683886651,-0.4324077755705379,0.10434965373600168,0.039978687123290044,0.23600136206051106,-0.7604033697785282,0.3439206888956789,-0.8884797719201486,0.4329649968156313,-0.9427082555585079,0.02502390577327191,1.570796,0.213519407747352,-1.3542460218188075,0.3429330275753313,-1.3376165261480801,0.4420496544796406,-1.3326825443848853,0.09175432116866367,-0.0,0.20174917821325425,1.0516502125483738,0.30334139642174246,1.2490457723982544,0.3985754769853027,1.3385073378238748,0.19135062970709682,-0.2872814533971342,0.22862624519735758,0.25825221981103874,0.27680683015612517,0.5378355266934286,0.3366622204629976,0.7328151017865066
47,Four,0.5666666666666667,0.44622998106057643,-1.346085158380254,0.3702102960591675,1.48114961047341,0.21678426413012353,1.115695518226702,0.0756019764658299,1.4056476493802699,0.12415070812610252,-0.4487233440107211,0.09951738124971116,0.04164257909858842,0.23443459311438014,-0.7604033697785282,0.341637463703294,-0.8884797719201486,0.4310473556719029,-0.9561333748727311,0.02485777673853178,1.570796,0.2112504810905106,-1.373400766945016,0.3437660666255321,-1.3521273809209546,0.44622998106057643,-1.346085158380254,0.09114518137461652,-0.0,0.19894850691032306,1.0232340908548991,0.302663210177144,1.236059489478082,0.3928830832587881,1.3258176636680326,0.19008028863012114,-0.2872814533971342,0.2220643514071411,0.24497866312686414,0.2692925813340943,0.5325040983018507,0.32582235971320617,0.7224185009645038
48,Four,0.5714285714285714,0.44531751852772683,-1.346085158380254,0.36533557925568305,1.4801364395941514,0.21263507521967115,1.1071487177940904,0.07040784727049221,1.512040504079174,0.12594938611699488,-0.4048917862850834,0.09922778767136677,0.0,0.23682371098661145,-0.7730531115532238,0.341590047694251,-0.9055068989643611,0.4301659389616233,-0.9561333748727311,0.025149127867157388,1.4056476493802699,0.21081851067789195,-1.373400766945016,0.34398370066732276,-1.340393890736035,0.4462569877831597,-1.3370531459259951,0.09509329651839314,-0.0,0.20072518100776066,1.0056468867881372,0.3059523453200475,1.240498971965643,0.39914438404697533,1.3408918986629919,0.19484817670640894,-0.3016190462662397,0.2256235424462237,0.2405342479459046,0.2744068973242934,0.5378355266934286,0.333743337588356,0.7328151017865066
49,Four,0.580952380952381,0.43864348926443797,-1.4010180528265581,0.36689613836360796,1.4130275891989426,0.2204301430972962,0.9983365129768454,0.07692112069625993,1.299849476456476,0.1252286664738637,-0.4783524313786575,0.11147689838828038,-0.07393903765794034,0.24456661791448214,-0.7853981633974483,0.3524728092241596,-0.9179496956941223,0.44087951380592344,-0.9646609958043956,0.03395371867010372,-1.3258176636680326,0.21399083907476224,-1.3771743339389513,0.34078319891293335,-1.3639223778151535,0.4417247001257764,-1.3642602536892205,0.08245273687382693,0.049958395721942765,0.20125235192420757,1.033885584054851,0.3074639994297562,1.215160442494137,0.3976100103505157,1.2981865068142746,0.17976052910229898,-0.3507279482482035,0.21271943776367871,0.25436805855326594,0.267637057348746,0.5325040983018507,0.3273860237881515,0.6963485807629506
50,Four,0.580952380952381,0.43672610341871815,-1.4288992721907328,0.37233159298709556,1.39292106378882,0.2295848629093218,1.0026915943204695,0.08110520985596763,1.1525719972156676,0.1039208297599446,-0.5880026035475675,0.11536331255250491,-0.03569911267932397,0.24749525119189458,-0.7736340002476896,0.35175057745124555,-0.9015397902774385,0.44087951380592344,-0.9646609958043956,0.02969166564569846,-0.982793723247329,0.21482110688077435,-1.3583643062861546,0.3416527036586505,-1.3521273809209546,0.4417247001257764,-1.3642602536892205,0.07823237060963344,-0.0,0.19207123774504503,1.0303768265243125,0.29691665645698456,1.231503712340852,0.38857444461763174,1.3026855437250695,0.17589938618257295,-0.3587706702705722,0.2117208432069388,0.23554498072086333,0.26355173011117783,0.5055810548742051,0.3247603421058255,0.6866215713297856
51,Four,0.5734597156398105,0.4401389800512897,-1.4302202753853388,0.37581818611653484,1.3948567013423687,0.23838418014250212,1.0067126057452396,0.09393205591324495,1.1659045405098132,0.10610007503317119,-0.6202494859828215,0.11518963571165093,0.03569911267932397,0.24447514062765,-0.7378150601204649,0.3480059535998124,-0.8942103682146934,0.4368431674442984,-0.9592993525353349,0.023972759858629376,-1.0303768265243125,0.21140210229722028,-1.3352513460740334,0.34113835329086223,-1.3521273809209546,0.4419211204860952,-1.3551546168804267,0.08232860615546277,-0.049958395721942765,0.191782078869035,1.0303768265243125,0.297863208181215,1.218487602120755,0.3919553783619014,1.3054642405859118,0.17868765746139909,-0.4018706474404565,0.21048060670360225,0.21655030497608926,0.26315495898113184,0.5055810548742051,0.3211023573731876,0.6947382761967033
52,Four,0.5734597156398105,0.4390623739625235,-1.4487642084418977,0.3765595563646436,1.3841069959806473,0.2428797403452446,0.9780989220598338,0.09016772549796642,1.1479424006619559,0.10036948743675116,-0.6107259643892086,0.12340733448157393,0.033320995878247196,0.2502829607885978,-0.7389200320464454,0.3537863786677502,-0.8924256364468225,0.4436008543664662,-0.9699409605880629,0.029071241480792945,-0.7853981633974483,0.21638066988618812,-1.3212094013579119,0.34113835329086223,-1.3521273809209546,0.4402349775616574,-1.373400766945016,0.07001282076277561,-0.05875582271572269,0.1876840790953168,1.0679531158670357,0.2990242518502774,1.2490457723982544,0.3908974089031691,1.3156139361740782,0.16951301059793492,-0.3985224456664202,0.21140210229722028,0.23554498072086333,0.2651705209081823,0.5191461142465229,0.32374975029289543,0.7044940642422177
53,Four,0.5754716981132075,0.4366117330561191,-1.4487642084418977,0.3792479088920735,1.3755149286999973,0.24720135732850085,0.973619668702219,0.09717890057855813,1.1824776086224307,0.11046105519525529,-0.6805212246672144,0.11863253296031206,0.034469100999508014,0.24311059468668483,-0.7378150601204649,0.34606354706229214,-0.8942103682146934,0.43440491311118257,-0.9592993525353349,0.026178194243448052,-0.8960553845713439,0.21330047272044803,-1.3583643062861546,0.3383709286241489,-1.3639223778151535,0.4417874734441712,-1.37521564698507,0.07404311467504304,-0.11065722117389563,0.1851077866876076,1.037952439175508,0.2962006750065002,1.218487602120755,0.38976766668205504,1.3054642405859118,0.1739350253977204,-0.4110645473898644,0.2093058023582937,0.21655030497608926,0.26168615102707704,0.5055810548742051,0.32506858683507794,0.6963485807629506
54,Four,0.5707547169811321,0.4370213549481401,-1.458068715204519,0.37682731483756127,1.3627401900038707,0.24097366200822956,0.9544993893988254,0.0879593458466786,1.0863183977578734,0.10241687890595372,-0.6435011087932844,0.12296851365085583,-0.033320995878247196,0.24939298632128415,-0.7389200320464454,0.3525283591729129,-0.8924256364468225,0.43865042825038486,-0.9646609958043956,0.03524093220737323,-0.9505468408120751,0.21561124766578538,-1.3212094013579119,0.3439255780285722,-1.3547113544981102,0.4443523628889214,-1.357127339254913,0.06964347765604853,-0.0,0.19061649451680365,1.0783105609229715,0.2992816775728817,1.236059489478082,0.3934727997869624,1.3182420510168371,0.16736309420941092,-0.3759609538713056,0.20666903969742398,0.2401710078601731,0.26067862198961894,0.5269432271894297,0.32259853723927,0.7044940642422177
55,Four,0.5619047619047619,0.43975617750859336,-1.4382447944982226,0.37288860539898333,1.3690339824746096,0.24181770637393782,0.9685089806599324,0.09329145292146535,1.2068173702852525,0.10713547078200986,-0.6202494859828215,0.12039103987312218,0.0,0.2496723345606687,-0.750118689803857,0.3520879792412043,-0.9107872837389646,0.4398345514492457,-0.9801759281800115,0.029936280508204943,-0.982793723247329,0.21659091111305204,-1.3583643062861546,0.3435907421589514,-1.3639223778151535,0.444531085967942,-1.373400766945016,0.07484070127051236,-0.05549850524571683,0.19155081251096512,1.0489620469804861,0.3032806967621578,1.236059489478082,0.394712048198041,1.3156139361740782,0.1766182003484731,-0.4110645473898644,0.20443348833116298,0.22527677921405528,0.25849019149341845,0.5211381434841182,0.3183894566920123,0.6930688286658493
56,Four,0.5592417061611374,0.4417473606049278,-1.4487642084418977,0.3755965967503714,1.3712409430896095,0.23519558811260946,0.9730379352018146,0.09071912582943432,1.1479424006619559,0.10098327433595752,-0.6107259643892086,0.11589405187566411,-0.03569911267932397,0.24863387541476367,-0.7736340002476896,0.35409439216990335,-0.9179496956941223,0.44168925761316835,-0.9853911200036295,0.02774805683693333,-1.1071487177940904,0.2198545938411493,-1.3623311084149088,0.34558432045242066,-1.378095568132511,0.4421345187516381,-1.382574821490126,0.07859228568582023,-0.0,0.19651336757558505,1.0412067280128203,0.3035704490523676,1.2231894670389947,0.39545713565112733,1.2953702230988613,0.1743693033425218,-0.3893167218331408,0.20867489894220956,0.2401710078601731,0.2596416912853895,0.5349550737860964,0.31989924840479267,0.7030162328057576
57,Four,0.5592417061611374,0.4428305504347269,-1.4302202753853388,0.3788623211626927,1.3841069959806473,0.23635669649949054,0.9973558006400677,0.08696358866863656,1.1284221038181517,0.09866939191398642,-0.5763752205911837,0.11589405187566411,0.03569911267932397,0.2399132931461881,-0.7610127542247297,0.34501447819140935,-0.9129077216126866,0.4382475464489418,-0.9801759281800115,0.024119359849471406,-1.0303768265243125,0.21176775324814437,-1.3542460218188075,0.3415253660702713,-1.3757760593899753,0.4421345187516381,-1.382574821490126,0.07870106398796467,-0.052583061610941714,0.19295487879577125,1.0303768265243125,0.299684723261208,1.218487602120755,0.3943522928272026,1.3054642405859118,0.1767086271717667,-0.3587706702705722,0.21269488403964462,0.23554498072086333,0.2632086798279937,0.5269432271894297,0.3225889793298587,0.7127987096669537
58,Four,0.5619047619047619,0.43975617750859336,-1.4382447944982226,0.37288860539898333,1.3690339824746096,0.23373610297689776,0.9877197917757521,0.08796691028984915,1.2341215074081695,0.11053995548792313,-0.5984188934785372,0.11653577709514079,-0.07130746478529032,0.25245246824831336,-0.7853981633974483,0.35868323149298936,-0.924980407321327,0.44675477042785045,-0.9905255279353652,0.035469706744090626,-1.2120256565243244,0.22471392110736205,-1.3661545169651188,0.35172067242016547,-1.3687711703913044,0.444531085967942,-1.373400766945016,0.07898606040857256,0.052583061610941714,0.19879167595447272,1.0697829399913072,0.3072047224348635,1.240498971965643,0.39978796255101196,1.3081872487778505,0.17346756708070354,-0.3671738338182192,0.2104566869842199,0.25933174440068485,0.26272259672356724,0.5485494024505281,0.32375715546087797,0.7127987096669537
59,Four,0.5592417061611374,0.4428305504347269,-1.4302202753853388,0.37479854571142174,1.382058559274763,0.23862611864938052,0.982793723247329,0.09295483997965769,1.2068173702852525,0.10920504636114584,-0.6510767214444797,0.11589405187566411,-0.03569911267932397,0.24863387541476367,-0.7736340002476896,0.35409439216990335,-0.9179496956941223,0.4451427959882743,-0.9905255279353652,0.03150215871865488,-1.1659045405098132,0.2198545938411493,-1.3623311084149088,0.3464002828500484,-1.36637512141775,0.44292713499615693,-1.373400766945016,0.07859228568582023,-0.0,0.19651336757558505,1.0412067280128203,0.3021864035087713,1.236059489478082,0.3943522928272026,1.3054642405859118,0.1767086271717667,-0.3587706702705722,0.21369807272069868,0.25436805855326594,0.26531295834418545,0.5404195002705842,0.32530906880571436,0.7224185009645038
60,Four,0.5352112676056338,0.448457000329487,-1.4132347572092376,0.37837546764723273,1.3948567013423687,0.23079910272847465,1.0026915943204695,0.08442487385206975,1.373400766945016,0.1285841421292982,-0.5790742693677309,0.11206648294199796,-0.07393903765794034,0.24295081942574698,-0.7974457732516343,0.3518379493496788,-0.9272952180016122,0.4374720805914478,-1.0011643598044906,0.029269058807520818,-1.4288992721907328,0.22252185744558864,-1.4025895549378105,0.3491247884050426,-1.3920032719919753,0.44575536983721603,-1.3934345161980017,0.08702316808038253,0.047583103276983396,0.2044648547054771,1.0164888305933455,0.3090901302919248,1.215160442494137,0.3968737594594604,1.2853334665281517,0.18071125551161893,-0.3507279482482035,0.21384447888515057,0.25436805855326594,0.2641360261593587,0.5619215622568153,0.32217244244256527,0.7490505423784276
61,Four,0.5471698113207547,0.44423630019501886,-1.4117731470386354,0.37219268834875563,1.4257546284682912,0.22638462845343543,1.0335116124941248,0.07630149283086916,1.3521273809209546,0.11660141684799076,-0.4795192919925962,0.10766831359979898,-0.03844259002118799,0.2428780064711444,-0.7974457732516343,0.34926537384897316,-0.9367736071314745,0.43958651181520914,-0.9932372077828825,0.029260286799032642,-1.4288992721907328,0.2183766383210062,-1.3994172004053889,0.34494887451243733,-1.3898698660407751,0.4463704463138949,-1.3843094251276797,0.08699708702413508,0.047583103276983396,0.20225611052963355,1.033885584054851,0.31148121603911444,1.2322406318832124,0.4064968954707985,1.313472611823808,0.17927746918925452,-0.3290496948403394,0.21205129904025,0.2970642123410428,0.26855779205085983,0.5880026035475675,0.33075774356998333,0.7588557256460511
62,Four,0.5424528301886793,0.44511749900991276,-1.4117731470386354,0.37830869414696716,1.4056476493802699,0.22999476407220118,0.9777937649133708,0.07611480718302722,1.0584068664841588,0.09829294761070531,-0.4825132950224769,0.12031236028582339,-0.034469100999508014,0.24922303580685493,-0.7736340002476896,0.3582359011258342,-0.924980407321327,0.44742881268365114,-1.0033563773370477,0.03342803740288443,-1.0516502125483738,0.22127084460749447,-1.3439974787410107,0.34808647486865624,-1.3547113544981102,0.4497282478499253,-1.357127339254913,0.07888755325713524,0.052583061610941714,0.20026800451825155,1.0978897231319675,0.31096783103286774,1.2870022175865687,0.4065850712609314,1.3654009376051293,0.1743886106051956,-0.3142318990843383,0.20978488002266732,0.3217505543966422,0.27039701468085053,0.6220320152891723,0.33717352200808637,0.7940935964092269
63,Four,0.5471698113207547,0.44973355886858474,-1.3481353861585317,0.3701628667832654,1.4700153277102288,0.20941045753740997,1.0541011880326194,0.05763608078468884,1.2036224929766774,0.11682148892208404,-0.4002406570339741,0.0951746771892723,0.0,0.23117478413944245,-0.7980557152315002,0.3426328359541342,-0.9224643377076359,0.429239531430256,-0.9774461806381785,0.029260286799032642,1.4288992721907328,0.2183766383210062,-1.3994172004053889,0.34977977415934003,-1.3803612113813424,0.447978717694099,-1.3661545169651188,0.09553382819068397,0.08673833867598511,0.21010434459201063,1.010109331812091,0.3220758865738458,1.2165369041162304,0.41664840142614123,1.299317844395982,0.18872317917035092,-0.2662520491509253,0.22638462845343543,0.31597027195298044,0.27662966688831425,0.6045985900934768,0.3394193268687786,0.7853981633974483
64,Four,0.5450236966824644,0.45227310838582313,-1.3481353861585317,0.36811305502439867,1.4688779593140227,0.21223119666243206,1.0808390005411683,0.0767323510923044,1.3521273809209546,0.12927147477199843,-0.5790742693677309,0.0958025307169252,0.04345089539153084,0.22959444215604025,-0.8110335719191257,0.33873865791177327,-0.924838220488786,0.43166335554417296,-0.9774461806381785,0.025312783741541067,1.4056476493802699,0.21482640133487033,-1.415201498817867,0.34358618535712554,-1.3757760593899753,0.44643459530548013,-1.3642602536892205,0.09987350431173274,-0.0,0.207778298734157,0.9994588469612699,0.3132400840537918,1.2322406318832124,0.4067538433582282,1.333261694899284,0.19611613513818404,-0.3016190462662397,0.2252157364386369,0.2808377246212028,0.27819173563579086,0.6045985900934768,0.33840619755815554,0.7940935964092269
65,Four,0.5476190476190477,0.4517929586139189,-1.3280598123771263,0.3645427391060972,1.49050951151188,0.20367320309496306,1.0796327285086362,0.0688830582122962,1.3258176636680326,0.11967392826332186,-0.5104883219167758,0.08780901449511153,-0.047583103276983396,0.23348177115535249,-0.8233546085857627,0.3433246039675714,-0.9321613596409117,0.43671453071142063,-0.982793723247329,0.03180841032324246,1.1659045405098132,0.21974095679731565,-1.4181469983996315,0.3489439553778897,-1.378095568132511,0.4480709245459503,-1.3642602536892205,0.10474982136652661,0.07982998571223732,0.21561381056754572,1.0204103791181054,0.3236566049174225,1.2286404417117163,0.4173515232248139,1.3282448433677059,0.1985556217597552,-0.2551823906208184,0.23247094177589184,0.31038740713235147,0.2850237746489458,0.608325008618573,0.342637979502885,0.802637834591978
66,Four,0.5308056872037915,0.45590645594692136,-1.339179897292029,0.37823924434360684,1.482140444927459,0.22091626342076348,1.0986743443911198,0.08538110173262181,1.373400766945016,0.13402228616341869,-0.6747409422235527,0.0880088252188017,0.047583103276983396,0.22496434095380496,-0.7853981633974483,0.3315528252231189,-0.9197196053504169,0.4226148921422076,-0.982793723247329,0.026475555730849885,1.2490457723982544,0.2119698534829785,-1.412141064608495,0.3456302426156193,-1.3757760593899753,0.44909051662556576,-1.3642602536892205,0.1004676701138514,-0.0,0.2055055761731409,0.9884433806509134,0.30977531618437515,1.240498971965643,0.4031984626246213,1.3510012552708641,0.19728286600985828,-0.3016190462662397,0.2305806597220788,0.2758058985885225,0.2774885806310209,0.5921866795496422,0.3344995516543372,0.794247489913706
67,Four,0.5428571428571428,0.45701068279268164,-1.2924966677897853,0.37305377451155136,1.5146755440937203,0.20408123947313242,1.0796327285086362,0.05504529577867338,1.4181469983996315,0.13300189996546452,-0.4214192068878042,0.08370032682530423,0.0,0.22803539224184965,-0.8243395064944876,0.33815864330191625,-0.9347208240911457,0.4283052944439327,-0.9800837027813982,0.0337406804241215,1.0516502125483738,0.21490782211228177,-1.4536875822280324,0.3488657334648797,-1.3898698660407751,0.4481290797651359,-1.373400766945016,0.1133050183455679,0.07393903765794034,0.21474476607809911,0.9936041129214358,0.3243050145600966,1.2286404417117163,0.41818764010898113,1.3282448433677059,0.2070631730396692,-0.24497866312686414,0.24092030825117428,0.29977607009997964,0.2855947877568689,0.608325008618573,0.34634645054962354,0.8110335719191257
68,Four,0.5380952380952381,0.45360067681101557,-1.3280598123771263,0.37018135633605853,1.491418012235323,0.21017062791438237,1.0714496051147666,0.06509846160241911,1.3101939350475558,0.1201527687005508,-0.5104883219167758,0.09234918637369231,0.04542327942157701,0.2253516792604692,-0.7853981633974483,0.3346816646175961,-0.9097531579442097,0.42568289772638235,-0.9745971854974165,0.026521140719480984,1.2490457723982544,0.2130375733272387,-1.392703388563699,0.34385556435952624,-1.3494818844471053,0.45261106493263803,-1.3370531459259951,0.09653840941344687,0.04345089539153084,0.2049605506063509,1.033885584054851,0.315701848660026,1.2742505177251962,0.4129555374763802,1.397300597832115,0.1964176523194359,-0.28123220191829523,0.2334011066749504,0.31038740713235147,0.2827332724678058,0.6168012237880187,0.34110868058430593,0.8114792046882006
69,Four,0.5406698564593302,0.46079224725295914,-1.283713957607754,0.37468616924130826,1.548328198209071,0.2111170677553298,1.1606689862534056,0.07155120435740807,1.570796,0.13933919717333862,-0.43662715981354133,0.08007967688579207,0.052583061610941714,0.22626477509757392,-0.8117078806503705,0.3367115499172144,-0.9272952180016122,0.4307490334863495,-0.9800837027813982,0.03287251592018689,0.8760580505981934,0.21312138866492472,-1.412141064608495,0.34337975269598947,-1.373400766945016,0.4483015877194902,-1.3531457105078537,0.11371806387453533,0.037020115873930025,0.21014988956702071,0.9994588469612699,0.32476741012918686,1.240849234648342,0.41863162300987194,1.3477653584233384,0.20824459285111627,-0.24497866312686414,0.23827695625696238,0.30499234681440474,0.2872242776142341,0.608325008618573,0.345437169264766,0.8198672643969563
70,Four,0.5502392344497608,0.4555410636853899,-1.3101939350475558,0.36927663599866783,1.5253730473733196,0.21197582502584789,1.142532173918242,0.07545594722673261,1.570796,0.13499272009227362,-0.4497596130698391,0.08394467587153308,0.049958395721942765,0.22826184280010836,-0.7983844463176208,0.3378916064476873,-0.9173699856141346,0.4313685160184463,-0.9720124698289139,0.02812077121760181,1.1071487177940904,0.21226577743792013,-1.412141064608495,0.3428479588335365,-1.361410933841401,0.44650180650588406,-1.3531457105078537,0.10488373313598376,0.039978687123290044,0.21064524569514567,1.0269638704927742,0.31961056857515485,1.2780832515708995,0.41356552814391556,1.3873163696451558,0.2033442675706218,-0.24997862146082245,0.23732035382401526,0.30499234681440474,0.2895210597357409,0.6000502134017536,0.3438970911370398,0.802637834591978
71,Four,0.5485436893203883,0.46032716182648303,-1.2607411455639435,0.37027982134034726,1.570796,0.20872205078571665,1.2167988899630005,0.07285252407132566,-1.4536875822280324,0.15041529925441832,-0.43833655985795783,0.07285252407132566,0.11710874456686428,0.21971484430236154,-0.7990959367703141,0.3311281706692165,-0.9221538751283528,0.4285356297666868,-0.9690204895667285,0.03923921005156091,0.7086262721276703,0.2143312108554047,-1.4513674007765582,0.3472301672651183,-1.373400766945016,0.44917378287291043,-1.3510996320536262,0.11924649459858878,0.03569911267932397,0.22074299612407122,0.9774461806381785,0.32981264219429485,1.2286404417117163,0.42842994114945643,1.340274487751528,0.2178935142499989,-0.21655030497608926,0.2476590882674188,0.33261969157391236,0.29539226306231575,0.6319742418186031,0.34993238830952517,0.8542546526984929
72,Four,0.5588235294117647,0.4657774747377187,-1.2141761908434647,0.37267799624996495,-1.524851670986777,0.20034395093010432,1.2220253232109897,0.057090777870804174,-1.3439974787410107,0.14346273790403913,-0.3028848683749714,0.05579309067014932,0.07677189126977804,0.2121518867632422,-0.8424789458037129,0.3303536344096582,-0.9324765187858508,0.42733539798575065,-0.9633517288072486,0.049902857365305274,0.5404195002705842,0.2146403054055949,-1.4909663410826592,0.34409139293444935,-1.3831565549905305,0.448391250193216,-1.3397056595989996,0.13327289335467854,0.0964737751825869,0.2254986255344427,0.9880568325449244,0.3315984295712268,1.2694511030847926,0.42637020023121475,1.3891474967948847,0.225823200910112,-0.17137912638950764,0.2584894907279923,0.3374560692277815,0.3029736168789617,0.6350267353903137,0.357506276262159,0.8362018674556699
73,Four,0.5533980582524272,0.46484897772107064,-1.2259285040139614,0.37386476069168967,-1.5480729659532555,0.20285343606838668,1.2291808361470895,0.06006683149561772,-1.4288992721907328,0.13303142082324756,-0.2914567944778671,0.06006683149561772,0.1418970546041639,0.21342751955822617,-0.8276265655104502,0.3338440788100927,-0.9298397417720923,0.4276572798700304,-0.9690204895667285,0.04594229188737667,0.5880026035475675,0.21342751955822617,-1.4711276743037347,0.34651846545936793,-1.373400766945016,0.4491979028816141,-1.3418713302792877,0.12770383546147568,0.06656816377582381,0.2238245220136523,0.9880568325449244,0.3304221749241838,1.2571756745781983,0.4232048246034234,1.3891474967948847,0.22074049796353454,-0.1936219928559454,0.25657046277166023,0.3374560692277815,0.29731564712458686,0.6435011087932844,0.3464403650567098,0.8634998411174337
74,Four,0.5463414634146342,0.46851031472816984,-1.2259285040139614,0.3768094695102001,-1.5480729659532555,0.21253744928308882,1.2426764317795913,0.07893442703982237,-1.3521273809209546,0.14785881600684161,-0.38588266939807375,0.06129201975887365,0.21109333322274654,0.21197626482838317,-0.8139618212362083,0.32705579528385714,-0.9246774229342947,0.42507489856617764,-0.9716210038085897,0.04216119089086372,0.41822432957922906,0.210457946037975,-1.4893442824890257,0.3442269370737139,-1.3831565549905305,0.447606800796073,-1.3490153577722972,0.12842461046551484,-0.0,0.22095005430352108,0.9505468408120751,0.3262704114514532,1.2365982825293935,0.4189302742962267,1.3754047722783236,0.22530295452966645,-0.2495869254369846,0.25052858777498577,0.29473010520937737,0.29460007240469477,0.6202494859828215,0.34555528551898496,0.83798122500839
75,Four,0.5533980582524272,0.46930996163768507,-1.2003736415093211,0.3828524323948055,-1.5152978215491797,0.21644905828695415,1.2924966677897853,0.07233004325028607,-1.512040504079174,0.1236851761639738,-0.27829965900511133,0.05253702073900882,0.24497866312686414,0.2045802562631742,-0.844153986113171,0.3244999038786619,-0.9246774229342947,0.4241628567224469,-0.9633517288072486,0.04748699983892258,0.4636476090008061,0.2130468141364956,-1.4909663410826592,0.34651846545936793,-1.373400766945016,0.45018076579690863,-1.3326825443848853,0.13194209709784877,0.06442683942555355,0.2238245220136523,0.9880568325449244,0.3304221749241838,1.2571756745781983,0.4239926981129629,1.379294608325278,0.2249099818323756,-0.18998828791871572,0.25657046277166023,0.3374560692277815,0.2965258013616047,0.6635557263775311,0.3496797702103,0.871392454591689
76,Four,0.5485436893203883,0.4687499056546715,-1.2088375695571676,0.3791743780221243,-1.5258827313251073,0.21403520233377066,1.2679114584199251,0.07660961820834772,1.570796,0.11577816252736925,-0.2984989315861793,0.0559801224959675,0.15264932839526515,0.2110093657873016,-0.8424789458037129,0.32857455074205705,-0.9324765187858508,0.4285356297666868,-0.9690204895667285,0.04963411093948224,0.5404195002705842,0.2177271832988503,-1.4925251862736186,0.3506046893871642,-1.3876855095324125,0.4501204942886732,-1.3418713302792877,0.13221308822276484,0.06442683942555355,0.2301832555365978,0.982793723247329,0.33515187899575405,1.2610933822524404,0.42826078511042787,1.3909428270024184,0.22537191635003306,-0.18998828791871572,0.25308530022024905,0.3430239404207034,0.2971348250336935,0.6635557263775311,0.34767331243576366,0.8807602102998573
77,Four,0.5560975609756098,0.47261957112480657,-1.1919649899919897,0.38427970190580446,-1.5152978215491797,0.20627018930559282,1.2555816270441855,0.061039742217266796,-1.35970299357215,0.1417153518302329,-0.2741674511196588,0.05983687074445741,0.07130746478529032,0.21136189770637284,-0.8424789458037129,0.32912349801981833,-0.9324765187858508,0.42574413102521497,-0.9633517288072486,0.05203899426122716,0.6107259643892086,0.21422317492227375,-1.4711276743037347,0.3478102823551224,-1.373400766945016,0.4487512181645276,-1.3212094013579119,0.1327766256620654,0.0964737751825869,0.22823059020336123,0.9983365129768454,0.3344371441889226,1.2732346020570908,0.42823419516461964,1.4007377052028402,0.22498230404028924,-0.17137912638950764,0.25896969386224883,0.35299038782691045,0.3010012794543965,0.6548320685978206,0.35098337241418937,0.871392454591689
78,Four,0.5533980582524272,0.4791247673068536,-1.1507718191422454,0.38461538461538464,-1.460139105621001,0.19781057339544367,1.3101939350475558,0.06081303192631499,-1.35970299357215,0.1452822832923862,-0.2662520491509253,0.04331480818242099,0.19739555984988078,0.2045802562631742,-0.844153986113171,0.3211188766617083,-0.9167136023805363,0.41721592700249577,-0.9517302722122685,0.06081303192631499,0.4324077755705379,0.20851065239783634,-1.5096481641455954,0.3415368558013738,-1.3831565549905305,0.45018076579690863,-1.3326825443848853,0.14466008650057213,0.05875582271572269,0.22860934189615628,0.9570262317783284,0.33578379604306646,1.2490457723982544,0.43233516634671015,1.3830343802813032,0.2367120963093841,-0.16219883346338237,0.2595067870984332,0.368348921408963,0.29916056127123164,0.6747409422235527,0.35355339059327373,0.8960553845713439
79,Four,0.5533980582524272,0.47740851648766347,-1.1588953095039258,0.38461538461538464,-1.460139105621001,0.2091585379127889,1.3455195475808412,0.07332091193121625,-1.396124127786657,0.13571648306464684,-0.35144479400355166,0.04748699983892258,0.17985349979247828,0.2045802562631742,-0.844153986113171,0.3211188766617083,-0.9167136023805363,0.41721592700249577,-0.9517302722122685,0.05321934829598632,0.49934672168013006,0.2130468141364956,-1.4909663410826592,0.34651846545936793,-1.373400766945016,0.4512014717132486,-1.3235345626121362,0.13618092606545115,0.06241880999595735,0.2261897075624512,0.9723774333163594,0.32913664029371764,1.2694511030847926,0.42175300274449806,1.4089588955564738,0.23325738065175522,-0.18311081726248413,0.25657046277166023,0.3374560692277815,0.2939288018698144,0.6521714117570698,0.34098179031271814,0.8824375493794477
80,Four,0.5485436893203883,0.4783890486587685,-1.1588953095039258,0.38540533231236307,-1.460139105621001,0.20958812110664063,1.3455195475808412,0.07766635251636494,-1.4056476493802699,0.13751847328786826,-0.3805063771123649,0.04758453167893643,0.17985349979247828,0.2078523717915643,-0.8288490587889791,0.32177841116610384,-0.9167136023805363,0.41807283178025945,-0.9517302722122685,0.05549262303172412,0.5667292175235064,0.2177271832988503,-1.4925251862736186,0.3472301672651183,-1.373400766945016,0.4521281781782268,-1.3235345626121362,0.13646062316863744,0.06241880999595735,0.2301832555365978,0.982793723247329,0.3326563786856164,1.2854669066127613,0.4303704569176223,1.4219063791853994,0.2295528311948546,-0.1864869016672168,0.2545483363497935,0.3587706702705722,0.2971348250336935,0.6635557263775311,0.34767331243576366,0.8807602102998573
81,Four,0.551219512195122,0.4836638526310006,-1.1427068464055483,0.3873430976917178,-1.44917730353355,0.21364382419109226,1.3694792184202558,0.08511943861732696,-1.2649174553900444,0.14860252281082906,-0.3217505543966422,0.04776265980952993,0.17985349979247828,0.2057678357611345,-0.844153986113171,0.32298295778711716,-0.9167136023805363,0.41963784732941767,-0.9517302722122685,0.05731519177143591,0.4636476090008061,0.21398524482311282,-1.5108681716736887,0.34351946240846387,-1.3831565549905305,0.44764595795738504,-1.3397056595989996,0.14581307206075128,0.08800737352774077,0.22993640919207767,0.9570262317783284,0.32289818906395984,1.2615974144678221,0.4115578441831252,1.4039411663951076,0.23808619974258446,-0.16219883346338237,0.2570323474262771,0.3743336160075839,0.2915635566877694,0.6816058229404055,0.3409598281458417,0.9097531579442097
82,Four,0.5609756097560976,0.4799132651651213,-1.1507718191422454,0.38151875587705103,-1.4478244572305994,0.21276035421523404,1.3694792184202558,0.08260465732490334,-1.363300100359694,0.1345345587992625,-0.3217505543966422,0.04441678375043641,0.2914567944778671,0.20175698836209163,-0.8301443948520639,0.31828158511106874,-0.9085808255387245,0.41694862254977394,-0.9374989454955664,0.0570781792985393,0.4636476090008061,0.21288792114238375,-1.5308176396716067,0.3462795146445187,-1.3854483767992019,0.4467884393113395,-1.330436568465089,0.1406513612798122,0.060532019782107135,0.23247634044947085,0.9675664738702118,0.3296783019936706,1.2694511030847926,0.42178247058014134,1.4189138694149457,0.23364125340812067,-0.18311081726248413,0.25843244826596773,0.35299038782691045,0.2970137952522336,0.6635557263775311,0.34552078864319496,0.9075933340888034
83,Four,0.553921568627451,0.48158131850459945,-1.1390104416914508,0.3935912077237785,-1.43968467831235,0.2102459628587657,1.3654009376051293,0.0718809144609972,-1.2679114584199251,0.14667407716811937,-0.2662520491509253,0.04736312496368112,0.09065988720074511,0.2097643993755379,-0.8577354939360433,0.324195172516865,-0.9167136023805363,0.42121282572201657,-0.9517302722122685,0.06184322100727423,0.5880026035475675,0.21906887966335775,-1.512040504079174,0.34902245972524953,-1.3854483767992019,0.450327534463978,-1.330436568465089,0.14254158136468856,0.12062366858010272,0.23191207877727837,0.982793723247329,0.3310423554409472,1.2818209168023302,0.42579336632489767,1.4089588955564738,0.23349241787027092,-0.12891077168399143,0.25799703732727547,0.3743336160075839,0.29537826959282404,0.6928795422778015,0.34825772371275,0.9075933340888034
84,Four,0.5686274509803921,0.4859479495229452,-1.1071487177940904,0.39300426624017076,-1.4074301786866208,0.215771254262894,1.412141064608495,0.08371980883657565,-1.313472611823808,0.1471820330153562,-0.38588266939807375,0.031022194075790356,0.27829965900511133,0.19643281612111985,-0.8621700546672264,0.3161933116668092,-0.9192091408720391,0.4141946814798356,-0.9314104211087237,0.06884221405353798,0.3805063771123649,0.21323168457661124,-1.5308176396716067,0.3434717391004979,-1.3709676817219063,0.4496148845966964,-1.312025434831199,0.1539358703453023,0.08314123188844122,0.23183576306144485,0.9420000403794637,0.3261438993979012,1.2655731930009753,0.4147204206567403,1.4056476493802699,0.2416907927073116,-0.1593516409039169,0.2628523754805314,0.3473859629183197,0.297493401994227,0.6635557263775311,0.3420944563758542,0.8824375493794477
85,Four,0.5693069306930693,0.48677184065362644,-1.1031961692073402,0.39185095267573844,-1.4164775508687777,0.20510972537825367,1.402199387185467,0.07211733926091098,-1.2679114584199251,0.14703067690875896,-0.3587706702705722,0.03468512097723712,0.12435499454676144,0.2043865508910085,-0.85988695361133,0.32526148865057114,-0.9167136023805363,0.4216336071348339,-0.9374989454955664,0.06937024195447423,0.5191461142465229,0.2197894230291471,-1.512040504079174,0.3467711579476856,-1.3709676817219063,0.4497763505096716,-1.3095777921803615,0.15155575277521915,0.11379200714370806,0.23864387010907964,0.9777937649133708,0.3321311927663345,1.2818209168023302,0.4222696383219997,1.4173724052160515,0.24279584684065988,-0.12435499454676144,0.2628545688875361,0.368348921408963,0.2963498035363057,0.6928795422778015,0.3467711579476856,0.9173699856141346
86,Four,0.553921568627451,0.48900760336591254,-1.1071487177940904,0.39124838210169754,-1.4056476493802699,0.20866580378757202,1.4056476493802699,0.0759845433153163,-1.2847448850775784,0.15057122089658234,-0.348771003583907,0.03121751782479362,0.27829965900511133,0.19766960788311802,-0.8621700546672264,0.3181841464508878,-0.9192091408720391,0.41425815487915674,-0.9397169393235674,0.06711869065806643,0.4636476090008061,0.21457424635467348,-1.5308176396716067,0.3465109986817304,-1.3588386895522773,0.45356200078250514,-1.3028859043715568,0.15063226741070476,0.08550529367820464,0.2354919696635985,0.992894389832651,0.33397321439626415,1.297787623708186,0.42336816062381205,1.4489538897749794,0.2425690697688635,-0.1418970546041639,0.25799703732727547,0.3743336160075839,0.2926578485986991,0.6816058229404055,0.33886495341308204,0.901984168858764
87,Four,0.5671641791044776,0.4916098495844811,-1.0953382433397754,0.39558588475896955,-1.3948567013423687,0.21363349017342145,1.4489538897749794,0.0852427464570924,-1.1525719972156676,0.16421877840301535,-0.3217505543966422,0.035685848504812615,0.24497866312686414,0.1994899577288006,-0.8621700546672264,0.3211143210391482,-0.9192091408720391,0.41807308007875005,-0.9397169393235674,0.06773679022071681,0.4636476090008061,0.2167663684308207,-1.5108681716736887,0.345472537861066,-1.356203445303673,0.4493983884587683,-1.297787623708186,0.15245001163997648,0.11379200714370806,0.2400519947922882,0.9777937649133708,0.3340909419540426,1.2818209168023302,0.4235249379150398,1.437569575154518,0.2442284703761422,-0.12435499454676144,0.26599443332562195,0.3835275159569918,0.29809842365813294,0.6928795422778015,0.3462035828826646,0.9272952180016122
88,Four,0.5742574257425742,0.48768467633415175,-1.0953382433397754,0.3924273981371572,-1.3948567013423687,0.21249227561251988,1.4288992721907328,0.08692646798709888,-1.2178059389679863,0.15478603711942499,-0.3392926144540447,0.03125345539318823,0.27829965900511133,0.1978971648943034,-0.8621700546672264,0.3151477400306768,-0.9109479005059741,0.4172823808045256,-0.9314104211087237,0.06719595761278137,0.4636476090008061,0.2105317719043889,-1.5300026439270311,0.3427141725323774,-1.356203445303673,0.449945731256892,-1.3003602016418965,0.15080567509298398,0.08550529367820464,0.23458757560940555,0.9675664738702118,0.33022571556668023,1.2942823801774226,0.4190892834435588,1.457876666042294,0.242848314985737,-0.1418970546041639,0.26630396761956554,0.3625442372645076,0.29634087424555156,0.6724785026448457,0.33925505433360265,0.901984168858764
89,Four,0.5643564356435643,0.49581895004806525,-1.0721435675293898,0.395701814060231,-1.373400766945016,0.21339876629739235,1.4288992721907328,0.07529372471469743,-1.3397056595989996,0.14181510555497526,-0.34097895349634944,0.027267094157460595,0.3217505543966422,0.19596297351501785,-0.8788749445560378,0.3199093737841145,-0.9192091408720391,0.41650430541739514,-0.9397169393235674,0.07529372471469743,0.4124104415973873,0.21142989909301682,-1.5300026439270311,0.34328394394582995,-1.368474698416593,0.451865196860556,-1.3003602016418965,0.16004181609700713,0.0809040991552306,0.2355883247023491,0.9675664738702118,0.33283730131249023,1.2818209168023302,0.4219357057383882,1.437569575154518,0.2481530286951131,-0.13944005709133772,0.2649963175727873,0.3835275159569918,0.2997520660733495,0.7039461190915773,0.3483631400183149,0.9347208240911457
90,Four,0.585,0.4946396343016666,-1.0603080048781208,0.3927579238106942,-1.3604704531298388,0.20448691133237942,1.4438235371808177,0.07234533007912455,-1.2679114584199251,0.13817175543328575,-0.25255427577805956,0.019300668002854317,0.4636476090008061,0.19286187069464247,-0.8645972343668997,0.3168191571926849,-0.9109479005059741,0.4152335863730339,-0.9106647347199701,0.07934429262727871,0.3906070436976868,0.2158311816184547,-1.550798992821746,0.3436386240776496,-1.368474698416593,0.44703030440278113,-1.3070844923326304,0.16061356772057275,0.1076898708328207,0.2383065913431348,0.9526521008597094,0.33318118799867513,1.2818209168023302,0.418094525530403,1.4361984126344298,0.24784643028551187,-0.12219517069135505,0.2708977846258837,0.3923401442155158,0.30287293068878673,0.7148085735785747,0.3496831516433695,0.9519815600572117
91,Four,0.58,0.49784404987366515,-1.0527277983381755,0.3997202329022634,-1.3415643935179014,0.2123294780367067,1.5096481641455954,0.08530540938532612,-1.039072259536091,0.16469703167283786,-0.23860932250820097,0.027694510870488076,0.6747409422235527,0.19328172960190734,-0.8645972343668997,0.31750887022232827,-0.9109479005059741,0.4169459305584822,-0.9252205321816417,0.07664195863498117,0.2860514417173182,0.20765253424302732,-1.5499660067586796,0.3401508987816048,-1.3659196097577881,0.44915031691347834,-1.297787623708186,0.16486731987790496,0.0787839609891438,0.23991948414955475,0.9777937649133708,0.3326998120238159,1.2942823801774226,0.4222291579672976,1.457876666042294,0.2532340947315559,-0.13706617431018764,0.26986339067361564,0.37753019542353816,0.3007150014916435,0.7039461190915773,0.3469303539011061,0.9447498043013652
92,Four,0.58,0.49571646123277424,-1.0603080048781208,0.39453862969329556,-1.3497492641198778,0.2036960192125536,1.5070530142622096,0.08757773303503477,-0.9964914966201949,0.1699516631106434,-0.25732371497108864,0.025219776260631984,0.5404195002705842,0.19328172960190734,-0.8645972343668997,0.31750887022232827,-0.9109479005059741,0.4134993857231412,-0.9189272124893197,0.07390829720869325,0.3587706702705722,0.21210910488128712,-1.5300026439270311,0.34438672289406985,-1.368474698416593,0.44915031691347834,-1.297787623708186,0.1605559407705972,0.0809040991552306,0.2363451379746117,0.9675664738702118,0.3326998120238159,1.2942823801774226,0.4222291579672976,1.457876666042294,0.2532340947315559,-0.13706617431018764,0.26986339067361564,0.37753019542353816,0.3007150014916435,0.7039461190915773,0.3444138816593732,0.9549263748553701
93,Four,0.5829145728643216,0.49757691699072343,-1.0603080048781208,0.39509020972269515,-1.3604704531298388,0.20951416925714827,1.4670039863378537,0.07981545708933925,-1.1801892830972098,0.14741555390815547,-0.23783592745745075,0.025314427702792283,0.5404195002705842,0.19400712836282402,-0.8645972343668997,0.3152816666969739,-0.9025069079643125,0.4116085099778371,-0.9125283589601721,0.07418567980107316,0.3587706702705722,0.2127723334726576,-1.5503909961083586,0.3414275069794364,-1.3659196097577881,0.44665693985831184,-1.2951668884127656,0.16115851754147298,0.0809040991552306,0.23723215647650828,0.9675664738702118,0.32977411351148905,1.2906883514968428,0.415187484431374,1.4555202008239445,0.2536277676030605,-0.12010873556691289,0.2668453453945679,0.3835275159569918,0.2985474128209688,0.7133580980106204,0.3432168994365002,0.9652516631899266
94,Four,0.5959595959595959,0.5,-1.0333530082131392,0.39575465090545203,-1.3497492641198778,0.2136897370472419,1.4691074750318196,0.08345245714491314,-1.0838970949836275,0.16099234877783875,-0.24497866312686414,0.027779869084219873,0.6747409422235527,0.1873603480330296,-0.8345388978134685,0.3116773164442766,-0.8938814749524198,0.41060057526111476,-0.8977055480900238,0.07687817947732,0.2860514417173182,0.20829254733019667,-1.5499660067586796,0.34119928967953556,-1.3659196097577881,0.44635838500050834,-1.2951668884127656,0.16075834814721515,0.05400150037596829,0.2370735855321819,0.9675664738702118,0.32838074023249175,1.303385529611023,0.41490996441698547,1.4555202008239445,0.25401459632926815,-0.13706617431018764,0.2650740791356333,0.368348921408963,0.29552706228277087,0.702256931509007,0.3454754116448769,0.9549263748553701
95,Four,0.59,0.4956789773052646,-1.0527277983381755,0.3970255105026776,-1.3521273809209546,0.2121066809917971,1.4691074750318196,0.08090890110593071,-1.1309537439791604,0.15460922694138057,-0.22471116841464267,0.025110098047591272,0.5404195002705842,0.19244116723937577,-0.8645972343668997,0.3161280568023092,-0.9109479005059741,0.41432780751741705,-0.9106647347199701,0.0763086506396939,0.2860514417173182,0.20674947472918453,-1.5499660067586796,0.3395739049326499,-1.3535028958718756,0.4483773049022091,-1.2885389048134055,0.1638676520041105,0.052583061610941714,0.235317297278246,0.9675664738702118,0.32594803042387066,1.303385529611023,0.4152220090701599,1.477319545636307,0.2570134832434845,-0.15137544373402623,0.26713234813019304,0.3625442372645076,0.2933377390520014,0.702256931509007,0.34044656658345746,0.9652516631899266
96,Four,0.5909090909090909,0.4988975045612822,-1.040839822874267,0.40184193909926497,-1.3415643935179014,0.2141639154261865,1.4691074750318196,0.07982075849820605,-1.0584068664841588,0.1637340541527318,-0.18697926991891112,0.02749988613351972,0.3217505543966422,0.19715711526629384,-0.8478169733934057,0.31848263888781647,-0.8917910180963524,0.4149203379074333,-0.9042385079652135,0.07593654256906679,0.4124104415973873,0.21345651823200937,-1.5096481641455954,0.3438310664298133,-1.341153884509762,0.44855172090151446,-1.2858389765447424,0.1614081681698084,0.0809040991552306,0.235160207718478,0.982793723247329,0.3279873040819861,1.316171660600355,0.4149203379074333,1.47634139139985,0.2502716275300823,-0.13944005709133772,0.2632315186965533,0.38970857134286574,0.2957356728994408,0.722979353401491,0.3437485766689965,0.9652516631899266
97,Four,0.5870646766169154,0.5018511521588326,-1.042106493830834,0.39750718864608053,-1.33105321792444,0.21469270840621946,1.5308176396716067,0.09241854412760157,-1.1902899496825317,0.15205298565430236,-0.2860514417173182,0.015469340846093258,0.982793723247329,0.1862755308698068,-0.8996524913588879,0.3089402636697536,-0.9134072220706452,0.4094151935826384,-0.9042385079652135,0.08429344139012111,0.25732371497108864,0.20594031366726917,1.570796,0.3383183011523552,-1.3535028958718756,0.44793333275572306,-1.2793395323170296,0.16738150124228907,0.02563540852167748,0.23690751902900936,0.9526521008597094,0.3259027604913838,1.2906883514968428,0.41457567060115197,1.456710547626737,0.2567451763830244,-0.16789592325037456,0.2661446032496852,0.3625442372645076,0.29225309748000006,0.702256931509007,0.34164809942104457,0.9549263748553701
98,Four,0.5959595959595959,0.5,-1.0333530082131392,0.3977471947091029,-1.3284631601418817,0.21298390609476395,1.5096481641455954,0.08944019376546597,-1.1722738811284763,0.15503641415939776,-0.3129012278803845,0.01940230218093185,0.4636476090008061,0.1910905152074762,-0.8818719385800352,0.31507092582457497,-0.9025069079643125,0.41060057526111476,-0.8977055480900238,0.07976210676537611,0.3906070436976868,0.21263011198655554,-1.5503909961083586,0.34210831131702707,-1.3535028958718756,0.44755858661245074,-1.2858389765447424,0.16537546317003018,0.0787839609891438,0.24065894832360102,0.9777937649133708,0.32838074023249175,1.303385529611023,0.4187482511925582,1.4670039863378537,0.25401459632926815,-0.13706617431018764,0.2650740791356333,0.368348921408963,0.29552706228277087,0.702256931509007,0.3429874860691863,0.9652516631899266
99,Four,0.6091370558375635,0.49961928033773484,-1.0333530082131392,0.3922083120397592,-1.3365411132006457,0.2124682070577097,1.5503909961083586,0.10231399651925181,-0.9357695914045828,0.1960442494487491,-0.3147576613913089,0.024523499310977716,0.7853981633974483,0.18433451668837592,-0.851966327173272,0.30472976620630343,-0.8760580505981934,0.40630635494173784,-0.8760580505981934,0.07993682784605571,0.21866894587394195,0.19946554159415178,-1.5490606199531038,0.33245513186636083,-1.360613740132727,0.4430591129708298,-1.2830883432466185,0.17340732661215968,-0.0,0.22547120519607056,0.908066818901905,0.31682448712629896,1.2793395323170296,0.40598243888494384,1.453063751990803,0.26369889719890754,-0.16514867741462683,0.2618752067626993,0.3374560692277815,0.28977708126567325,0.6794138054078485,0.33728170800308427,0.9221538751283528
