,Label,size_ratio,dist_0,angle_0,distC_0,angleC_0,dist_1,angle_1,distC_1,angleC_1,dist_2,angle_2,distC_2,angleC_2,dist_3,angle_3,distC_3,angleC_3,dist_4,angle_4,distC_4,angleC_4,dist_5,angle_5,distC_5,angleC_5,dist_6,angle_6,distC_6,angleC_6,dist_7,angle_7,distC_7,angleC_7,dist_8,angle_8,distC_8,angleC_8,dist_9,angle_9,distC_9,angleC_9,dist_10,angle_10,distC_10,angleC_10,dist_11,angle_11,distC_11,angleC_11,dist_12,angle_12,distC_12,angleC_12,dist_13,angle_13,distC_13,angleC_13,dist_14,angle_14,distC_14,angleC_14,dist_15,angle_15,distC_15,angleC_15,dist_16,angle_16,distC_16,angleC_16,dist_17,angle_17,distC_17,angleC_17,dist_18,angle_18,distC_18,angleC_18,dist_19,angle_19,distC_19,angleC_19,dist_20,angle_20,distC_20,angleC_20
0,Hi,0.7034482758620689,0.44959776763408715,-1.1576674945164953,3.4691496829531268,0.9006262008856291,0.37113209350768595,-0.7531512809621944,3.2894262687258924,0.8923060716632067,0.29553293910282363,-0.23109066719589708,3.13560238086366,0.8592432337562854,0.26045237301214086,0.3080527810237764,3.0529025230534557,0.818066275799364,0.2633679754806301,0.7551044034786732,3.019388596958528,0.7814351722551963,0.24116973946570472,-0.18822150530477075,3.152114148060857,0.8423706621008334,0.24359823461537758,0.7362574289814281,3.039318320425607,0.7827734975084494,0.3289078031839968,1.1839206090638685,2.983131593398949,0.7359071509625651,0.4148520201305312,1.3654009376051293,2.946001884849952,0.7013574489541967,0.15672683691546332,-0.5280744484263598,3.2453963213703694,0.8259662993177813,0.1427002406496658,1.2490457723982544,3.15608871671599,0.7588557256460511,0.2896608384253121,-1.4536875822280324,3.1129633122697573,0.7058747067447839,0.40913710649523366,-1.3057534668974422,3.1019357108868593,0.6642329506957532,0.14381076510772944,-1.373400766945016,3.363862129170419,0.8150454645641566,0.0960580392395256,-0.702256931509007,3.292621555656245,0.7502611155990542,0.2597183582890854,-0.9707461133931431,3.24643537519655,0.7005224163624315,0.3833201794662005,-0.9950380092716609,3.227089708922965,0.6627295078929916,0.24097176181066632,1.2120256565243244,3.502893083010195,0.8081732680039195,0.21120720302963333,0.5954098754787326,3.490531640001023,0.7682569852588397,0.24017821927655905,0.16514867741462683,3.481710416315607,0.7395587375163315,0.2890560604621826,-0.09772690735871872,3.4746162516205965,0.7153174911593813
1,Hi,0.7368421052631579,0.4254314527692869,-1.241171919374154,0.05921577559227451,-1.3909428270024184,0.34045723822419455,1.477319545636307,0.2661418103111407,0.09966865249116204,0.240156292616503,0.8478169733934057,0.41001954019207154,0.10352467451054435,0.2398056139783047,0.11065722117389563,0.4509739111985167,0.05875582271572269,0.313206114272939,-0.3270980970057929,0.4555229106011961,-0.01162738295638387,0.0646510450817431,0.960070362405688,0.24666764722337328,-0.26060239174734096,0.16316068563145691,-0.9467732738181398,0.24932584146938422,-0.2140606835638215,0.29432087181082306,-1.042721878368537,0.24729233893848404,-0.17219081452293902,0.40074689021619786,-1.0598467502982862,0.2577349201184697,-0.16514867741462683,0.0787369435758239,-0.3430239404207034,0.1258944657920103,-1.3156139361740782,0.17243894139629345,1.3854483767992019,0.11700174161265708,1.4801364395941514,0.30208172114140874,-1.5357229962616712,0.11408837797614621,1.1902899496825317,0.4053405266555167,-1.4529242235976803,0.1293020901634862,0.960070362405688,0.1913320264480146,-0.08314123188844122,0.2659309213633559,0.7994817392203084,0.23219833811339213,0.7853981633974483,0.31154476985911816,0.6162969373960714,0.32221218351091646,1.1292039644876053,0.33901225464152096,0.5055810548742051,0.39952002172085793,1.316171660600355,0.35529465355364703,0.4636476090008061,0.29829708180363973,-0.10673567264913564,0.47161935972432933,0.5693131911006619,0.3033327743466219,0.4324077755705379,0.5567542673236765,0.5959180055163009,0.333506276201377,0.7517030560514321,0.5935772332033792,0.6078019961139605,0.3657982344058463,0.9707461133931431,0.60832790222443,0.6121524969450833
2,Hi,0.696969696969697,0.44053007737602834,-1.2133466597189304,0.07605865929592565,1.373400766945016,0.3299998127129858,1.4651307446950408,0.10055470379292343,-1.4219063791853994,0.22877110296655473,0.8315192794119595,0.11039876031621565,-1.4352686128093959,0.22396582822521868,0.04441521524691084,0.1246998869474113,-1.4909663410826592,0.3120964638047132,-0.3923401442155158,0.13571219456180497,-1.423717971406494,0.047169578094905844,0.3217505543966422,0.14555634711483414,-1.433730152484709,0.18255161655555321,-1.0584068664841588,0.14453369032533753,-1.501939837493852,0.30018535682954717,-1.1071487177940904,0.1393078422318462,-1.5350972141155728,0.40701512288805647,-1.129003161277453,0.14916330304908848,1.570796,0.07118978274213711,0.21109333322274654,0.14949440956760018,-1.5042281630190728,0.20110940758584686,1.4219063791853994,0.14949440956760018,-1.5042281630190728,0.3134007414188404,-1.5390609532664388,0.13957378172092827,-1.4994888620096063,0.4107336136228727,-1.449444326224133,0.14001589173445741,-1.464060654145761,0.18564024115135772,0.13432144195296852,0.14924614854453366,-1.5374753309166493,0.24770890847414762,0.8991901705411564,0.14949440956760018,-1.5042281630190728,0.33520283326874906,1.2068173702852525,0.15048335801117316,-1.4382447944982226,0.41540187103851506,1.378095568132511,0.1561274241083688,-1.4108832036366774,0.28345388743864336,0.017542060057402487,0.14427689351546277,-1.5363272257953886,0.3130850518484977,0.5703832816499418,0.15918519351485994,-1.5395564933646284,0.34519480893933646,0.8465463260467495,0.15445586134101805,-1.5063694873693432,0.37817465438770587,1.0777454295900855,0.16103804186300344,-1.4157995848709557
3,Hi,0.6263736263736264,0.4447340532767558,-1.2622900310629834,0.026340883639518777,-0.7853981633974483,0.3596338602567779,1.4930313871921643,0.006585220909879694,-0.7853981633974483,0.24538233261324338,0.9880568325449244,0.009312908721974756,1.570796,0.20667524625711226,0.25044308961135187,0.013969363082962134,1.570796,0.27445443794597196,-0.25732371497108864,0.014725001601344012,-1.2490457723982544,0.04949878882763998,0.851966327173272,0.03259518052691165,1.570796,0.18608347547239523,-1.017502001472604,0.06922317064918942,-1.2277723863741932,0.31072893623327486,-1.0535089464672753,0.08329718788234498,-1.1071487177940904,0.41295688776615963,-1.0516502125483738,0.08661505790982071,-0.9380474917927134,0.07046494087455454,-0.13255153229667402,0.03292610454939847,-1.4288992721907328,0.20157661313432662,1.455037109074086,0.07123005495248659,-1.373400766945016,0.331427044032386,-1.5004898626762722,0.09599526585609473,-1.3258176636680326,0.4294553722320189,-1.4074301786866208,0.10307501120940808,-1.2490457723982544,0.17285420915786412,-0.0809040991552306,0.020824296970586246,-1.1071487177940904,0.24218039623216284,0.908066818901905,0.06535645141486644,-1.4994888620096063,0.3389949944240761,1.2055948770067237,0.07915972413678543,1.570796,0.4228152867335531,1.3712409430896095,0.08847263285876018,1.570796,0.2694715524990432,-0.17367119834157382,0.010412148485293123,-0.4636476090008061,0.27942606275125104,0.41145624341370224,0.009312908721974756,1.570796,0.29394732581806915,0.7069080607601164,0.004656454360987378,1.570796,0.3112866731617625,0.9661977367014197,0.0,1.570796
4,Hi,0.5978835978835979,0.4538054307101777,-1.2553748018144564,0.056901502491324966,-1.0714496051147666,0.35887245801521295,1.5454852776520482,0.06176746419365136,-1.2722973952087173,0.23684180375991298,1.0040671092713902,0.07517080296550008,-1.1341691669813554,0.19965943369083436,0.3001711708301121,0.06705052068545445,-1.0768549578753155,0.26362637528425437,-0.1906389059140955,0.06176746419365136,-0.9420000403794637,0.027623249746957734,0.16514867741462683,0.10484253480604921,-1.2627435457711202,0.19320270178255156,-1.0545656561831487,0.0894519414250251,-1.1525719972156676,0.30669305674884473,-1.0939044591293614,0.08186826533298912,-1.231503712340852,0.4041953630659629,-1.092074482799131,0.08047087654263822,-1.2847448850775784,0.07180321863705376,0.3217505543966422,0.1063075690482859,-1.2220253232109897,0.21420959278029741,1.4858945333451747,0.09547398337421814,-1.1284221038181517,0.3320073992819661,-1.516056546745016,0.08348957649538064,-1.1801892830972098,0.43093896723688424,-1.4333701812979533,0.08616386236446451,-1.2490457723982544,0.15997782894439985,0.11379200714370806,0.10974388527253949,-1.1441688336680205,0.25075674290472844,0.9526521008597094,0.0936199431279945,-1.1722738811284763,0.3348525221497048,1.2104383562701035,0.08123606849484961,-1.1071487177940904,0.4079029561215555,1.3690339824746096,0.07322520259382125,-1.0516502125483738,0.25495704230580485,-0.07130746478529032,0.10375502979357414,-1.1659045405098132,0.28232455811470386,0.4492601126118805,0.08770580193070292,-1.1999050379822342,0.2994805429184322,0.7102710074866863,0.08186826533298912,-1.231503712340852,0.31622776601683794,0.9588938923602299,0.08186826533298912,-1.231503712340852
5,Hi,0.6052631578947368,0.4528224265927452,-1.2364678193859717,0.014238572569219165,-1.2490457723982544,0.3512052955969588,1.570796,0.010068191218111634,-1.1071487177940904,0.2239578557124686,1.044169055361146,0.012735366466935153,-0.7853981633974483,0.19439693222369217,0.23374318086890142,0.004502631994832805,0.0,0.2676321430885901,-0.2204937613666717,0.010068191218111634,0.4636476090008061,0.018564827307981206,-0.24497866312686414,0.006367683233467577,-0.7853981633974483,0.191295633144121,-1.1071487177940904,0.010068191218111634,-1.1071487177940904,0.3060796367689333,-1.113727570247107,0.00900526398966561,1.570796,0.40272764872446537,-1.1071487177940904,0.00900526398966561,1.570796,0.08054552974489307,0.4636476090008061,0.0,1.570796,0.22177462384376645,1.4691074750318196,0.004502631994832805,1.570796,0.3381773393104748,-1.5175134752352042,0.006367683233467577,0.7853981633974483,0.43173643665426414,-1.4347989087575126,0.010068191218111634,1.1071487177940904,0.16433064711534548,0.16514867741462683,0.004502631994832805,1.570796,0.25975152851063016,0.982793723247329,0.004502631994832805,0.0,0.3446793466426838,1.2242574623609548,0.004502631994832805,0.0,0.41767827864287604,1.3755149286999973,0.004502631994832805,0.0,0.2523081487506914,-0.03569911267932397,0.006367683233467577,0.7853981633974483,0.29002682645028044,0.4844779290370232,0.0,1.570796,0.3089803055117278,0.7544801838344056,0.006367683233467577,-0.7853981633974483,0.33093579399421097,0.9790201562533937,0.004502631994832805,1.570796
6,Hi,0.6129032258064516,0.4929533707346042,-1.0447299077981331,0.11086921053966403,-0.12435499454676144,0.3893059022935542,-1.3572358933144084,0.12511551226894715,0.1470783553884025,0.25571300520721707,1.317122230656254,0.16245303962181434,0.2860514417173182,0.20729063322533858,0.6125375566103034,0.19582334123283635,0.3587706702705722,0.2632439190199686,0.12219517069135505,0.21969163431332192,0.4076315054576269,0.03695640351322134,0.12435499454676144,0.22465677674855164,0.020405330686538086,0.1983818384857386,-0.8671825440154444,0.24820755986048135,0.07393903765794034,0.3007247367421243,-0.9151007005533605,0.2547662978735419,0.14444157837464397,0.3970019178504523,-0.9411511441487407,0.2599911425104641,0.1593516409039169,0.06514914293641012,0.6857295109062863,0.2293771668813222,-0.039978687123290044,0.22235350803367104,-1.4259838285559576,0.2612810289646437,0.0,0.33809011401919487,-1.3521273809209546,0.2614418173053783,0.035073330533225366,0.44143480055385703,-1.3081872487778505,0.2613212353246516,0.017542060057402487,0.15510855979572127,0.3310960767041321,0.22628761578202194,-0.12184243701991719,0.24090447040159338,1.200890259338339,0.26602292445486453,-0.034469100999508014,0.3293381352485054,1.4170887977364175,0.275032662068046,0.0,0.41318515229737485,1.5152978215491797,0.26586490666577783,0.0,0.2622843389649806,0.0874953408023913,0.20499724280562628,-0.17985349979247828,0.289909881024807,0.6055446636049701,0.2314290857942339,-0.13909594148207133,0.31455556086977143,0.8163161429604909,0.2207887875032931,-0.08314123188844122,0.3432709283355882,0.9753864513161641,0.20189886941528826,-0.04542327942157701
7,Hi,0.7093023255813954,0.5,-0.9538544362473612,0.057103167958974015,-0.08314123188844122,0.39018496961752236,-1.2874883624194424,0.06706426964770741,0.1418970546041639,0.268005469582591,1.338692488719741,0.0915863217473246,0.37089128881266237,0.23333161994941845,0.6556956262415362,0.11029982770813383,0.4444192099010989,0.2990570169671988,0.25651661264432357,0.13021525760426134,0.5779019369622457,0.0504098521006552,0.7188299996216245,0.10656679156770898,0.5633162614919681,0.1946597467864888,-0.5947592574833528,0.14075510520116383,0.5693131911006619,0.3029791212865899,-0.6967422815300108,0.15533741098987033,0.5456550545269917,0.39268406332571903,-0.7426891076324442,0.1670560053223931,0.6037493333974364,0.05301896042561336,0.4636476090008061,0.10603792085122672,0.4636476090008061,0.21170438366879835,-1.2986504362637092,0.12519661607999125,0.4297622790966885,0.3275868190942006,-1.1849136573968229,0.15270933280460436,0.4497596130698391,0.42428421010190903,-1.1321435114130107,0.1741089705189941,0.5123894603107377,0.14996026579364963,0.3217505543966422,0.10497218605555474,0.3217505543966422,0.2354423930522359,1.2426764317795913,0.11101111909021691,0.348771003583907,0.3230242983281993,1.512040504079174,0.13047404936191276,0.3332443011116727,0.4091744926120588,-1.4895800203441592,0.15446635322047667,0.3120421215625333,0.2535171323672348,0.13131543898308803,0.1107068395254404,0.17219081452293902,0.28739993506780964,0.6567016621194341,0.11161718975840473,0.2140606835638215,0.3177601062325008,0.9123709530115273,0.11940453741343289,0.11942892601833845,0.34356940904629274,1.1133214788988715,0.13825653373120106,0.10308160852270024
8,Hi,0.7337278106508875,0.5019251918315547,-0.9406024172503468,0.009541459156680901,1.570796,0.39846303255199916,-1.2793395323170296,0.0,1.570796,0.2685628391808677,1.355980926393238,0.004770729578340451,1.570796,0.23473734849415973,0.6556956262415362,0.0067468304721035426,-0.7853981633974483,0.29884727441399933,0.2914567944778671,0.004770729578340451,1.570796,0.047227813304724794,0.7853981633974483,0.004770729578340451,1.570796,0.1866081104501309,-0.5667292175235064,0.004770729578340451,1.570796,0.29582370498087823,-0.6596287426369206,0.010667675639438157,1.1071487177940904,0.3829977836407282,-0.6883587774154488,0.021335351278876313,1.1071487177940904,0.06201948451842586,0.39479111969976155,0.0067468304721035426,0.7853981633974483,0.20133383203995053,-1.331564726831236,0.0067468304721035426,-0.7853981633974483,0.3216264400284442,-1.2068173702852525,0.004770729578340451,-0.0,0.412219747292952,-1.1537470848064113,0.010667675639438157,-0.4636476090008061,0.15858639942998254,0.2741674511196588,0.004770729578340451,-0.0,0.23565665730369678,1.1978086049948355,0.004770729578340451,-0.0,0.32137866746317006,1.4666963886852973,0.009541459156680901,-0.0,0.4011953824991785,-1.5232132235179132,0.010667675639438157,-0.4636476090008061,0.2592047623306602,0.11065722117389563,0.0,1.570796,0.2818366794380871,0.5926974047350627,0.014312188735021353,1.570796,0.3110135174168848,0.8505233267318342,0.01508637156829052,-1.2490457723982544,0.339661204639606,1.0568766457963628,0.013493660944207085,-0.7853981633974483
9,Hi,0.7951807228915663,0.5,-0.8990008841531085,0.014910433647938832,0.3217505543966422,0.3891880250063705,-1.237552025683224,0.01054326874288962,0.4636476090008061,0.2534773720149601,1.4025895549378105,0.01054326874288962,0.4636476090008061,0.218782353257597,0.6478114269270985,0.006668148642158278,0.7853981633974483,0.29279171739178783,0.26060239174734096,0.006668148642158278,-0.7853981633974483,0.036826054534452604,0.6947382761967033,0.0047150931228299876,1.570796,0.19354868591513433,-0.5947592574833528,0.01054326874288962,-0.4636476090008061,0.3027221980842891,-0.6528466311007742,0.014145279368489963,0.0,0.39618007053375115,-0.6673061349783543,0.02357546561414994,0.0,0.06550416711395557,0.5280744484263598,0.006668148642158278,-0.7853981633974483,0.20015556422153113,-1.3086764855294237,0.01054326874288962,0.4636476090008061,0.3170001676173895,-1.1737168815699144,0.017000510022951144,0.5880026035475675,0.4111874809726951,-1.1071487177940904,0.025391553547425977,0.3805063771123649,0.15954860737316903,0.3310960767041321,0.006668148642158278,-0.7853981633974483,0.23409855677022673,1.2426764317795913,0.014145279368489963,0.0,0.31647373464807266,1.5111656136637273,0.019440826980051465,0.24497866312686414,0.3936467439265842,-1.4627846020948503,0.029820867295877664,0.3217505543966422,0.2581271259697536,0.16514867741462683,0.01054326874288962,-1.1071487177940904,0.29050484261680565,0.6240230529767569,0.009430186245659975,1.570796,0.3145359423793503,0.8702999568471703,0.006668148642158278,-0.7853981633974483,0.33533561959311275,1.0882830317724197,0.014145279368489963,0.0
10,Hi,0.6390532544378699,0.5021024782799239,-1.0048287237471312,0.03525631971083364,0.7853981633974483,0.3712810202829847,-1.3127890849309414,0.07883552750988976,0.9652516631899266,0.22984308425746025,1.3521273809209546,0.10935144134987528,0.7531512809621944,0.1964887552785176,0.6231993299340659,0.12494871539627614,0.49934672168013006,0.25247069992269017,0.1586552621864014,0.15400192907188542,0.507098504392337,0.04487396894498053,0.0,0.0919372337029841,0.7086262721276703,0.21858918220716858,-0.7853981633974483,0.12464991373605704,0.6435011087932844,0.3246645732845723,-0.8288490587889791,0.14381812974640534,0.5880026035475675,0.41751581176818314,-0.8699419189104465,0.17286386040014987,0.5800027742076809,0.06707972307620322,0.83798122500839,0.08578232819730938,0.6202494859828215,0.23097598744110615,-1.33105321792444,0.10095873539387584,0.5743048301747018,0.34687632104351496,-1.2490457723982544,0.1182007225619636,0.4825132950224769,0.4417604197862741,-1.2133466597189304,0.13826591866225643,0.44751997515716985,0.1546462914220397,0.3625442372645076,0.07804319054092633,0.4636476090008061,0.24598705923811628,1.2618655828711551,0.08707668623271302,0.4124104415973873,0.3403650290706943,1.4827889532671559,0.10278895211157858,0.3985224456664202,0.4192982980789548,-1.5232132235179132,0.11671918673421088,0.348771003583907,0.2709007143157445,0.11065722117389563,0.08707668623271302,0.23109066719589708,0.3028762061816275,0.5743048301747018,0.0919372337029841,0.21866894587394195,0.3349535926966752,0.7959240904291737,0.10658843205109081,0.18822150530477075,0.36370444020657605,0.9903981394010224,0.12223320791103068,0.2053953891897674
11,Hi,0.631578947368421,0.5020919445113469,-1.010109331812091,0.006992408616972807,-0.7853981633974483,0.37775189194947706,-1.3194685426340562,0.01105596878011099,-1.1071487177940904,0.23984063486154897,1.3208177053340742,0.01105596878011099,1.1071487177940904,0.20866219002615258,0.6340227196634222,0.01105596878011099,1.1071487177940904,0.2666758340925135,0.1864869016672168,0.013984817233945615,0.7853981633974483,0.04477326109337289,0.11065722117389563,0.006992408616972807,-0.7853981633974483,0.21329711830491016,-0.7690061890894431,0.006992408616972807,-0.7853981633974483,0.31863447800078837,-0.8402880259916021,0.00988875909977744,-0.0,0.41026434366535963,-0.8621700546672264,0.006992408616972807,-0.7853981633974483,0.0595382139834315,0.844153986113171,0.00494437954988872,1.570796,0.22073207751204185,-1.2986504362637092,0.00988875909977744,1.570796,0.34557640749399077,-1.2354719454798853,0.0,1.570796,0.4398275044972292,-1.2028153906499124,0.0,1.570796,0.14874284744379743,0.3743336160075839,0.0,1.570796,0.2411113899406762,1.3009471708564273,0.00494437954988872,0.0,0.3365448519214736,1.5267072693968249,0.00988875909977744,0.0,0.42169499825827256,-1.4886288044331966,0.01105596878011099,-0.4636476090008061,0.2650205887853563,0.14981245657289735,0.00988875909977744,1.570796,0.3058329573872425,0.6014547068602731,0.01105596878011099,1.1071487177940904,0.33958206083662407,0.8368989743486738,0.01483313864966616,1.570796,0.366351499713232,1.0164888305933455,0.00988875909977744,1.570796
12,Hi,0.5473684210526316,0.45237411453395926,-1.3233424211984184,0.11156961508086871,0.4266274931268761,0.32125648536441204,1.4410937896389846,0.15669882889554698,0.7853981633974483,0.20903376443300414,0.8166379968277165,0.21546088973137711,0.7853981633974483,0.20444585409227675,0.1131509815904845,0.26461057599286214,0.7483780475235183,0.2555964105943292,-0.35031421223540216,0.3301242347989144,0.735933594795857,0.05384048524557742,-0.5404195002705842,0.26428817492767065,0.4714599500609072,0.21476729113776838,-1.1263771168937977,0.3241626476263458,0.4572782683821429,0.32069203241935995,-1.171575557219644,0.353085856844609,0.475342982166495,0.4123694914677763,-1.1923689487662195,0.3821068267882456,0.4906680581880709,0.055593435423967955,0.7266423406817256,0.2584161837703756,0.32740021180022655,0.2217978915923446,1.5291537476963082,0.3242283940315704,0.348771003583907,0.33715166056262885,-1.5434059183200342,0.35776348885382236,0.34215588508318023,0.4394683229253325,-1.5077222088979845,0.38750740850291043,0.3782939913414596,0.13058235741295582,0.1418970546041639,0.24638229920265942,0.2267988480538859,0.23051577468890191,0.9994588469612699,0.3114875106071139,0.20902294280626463,0.3215217673958794,1.2036224929766774,0.34953655540417544,0.21293834957939717,0.4042256970889626,1.328587739685276,0.3796164112109356,0.2331798006468164,0.22466238252069218,-0.16514867741462683,0.21743040865346525,0.06374331253268707,0.2572174139167035,0.3671738338182192,0.2453854100969482,0.07532889082834011,0.29464339923674915,0.6184279943725194,0.2687665989219131,0.08599429119424074,0.33324095687618616,0.824593765324503,0.2892406585895113,0.14415438711315431
13,Hi,0.5647668393782384,0.4387592371986628,-1.4987562614080687,0.07344285562903502,0.7419472680059175,0.34100341631862413,1.2615974144678221,0.08133328216984884,0.5880026035475675,0.22759908474051502,0.6871242101414391,0.11386659503778838,0.5880026035475675,0.21209125149788172,-0.021273386024061203,0.14528340041445256,0.6310793874713292,0.2725668594229478,-0.4266274931268761,0.14528340041445256,0.6310793874713292,0.05143968424677683,-0.6610431688506868,0.14935917119190542,0.43662715981354133,0.21547121500144528,-1.2291808361470895,0.16545799606927655,0.4514530915525543,0.3181528716601077,-1.2535300472730704,0.1695289867421416,0.4398425828157362,0.40518720874413044,-1.2420036352899422,0.16354011565376866,0.4266274931268761,0.06136383339435363,0.628796286415433,0.15165817993640915,0.39707944522498234,0.23097242198823772,1.3542460218188075,0.18431249846213568,0.3759609538713056,0.34028639414872836,1.4645314639038178,0.18851622634715934,0.3671738338182192,0.43348544095370445,1.5291537476963082,0.18694410096553765,0.3446473156180262,0.12214581883313258,0.07393903765794034,0.1357222052419044,0.3743336160075839,0.24030139159641842,0.8784618921218662,0.1712016176727056,0.3217505543966422,0.3309467449839463,1.0888580748372703,0.1811939954675283,0.3296244074207427,0.4066664108492442,1.231503712340852,0.1811939954675283,0.3296244074207427,0.1915155364247024,-0.26211984126547283,0.10902674376917912,0.4266274931268761,0.2473140879343099,0.25825221981103874,0.13898237349563122,0.22923193327699534,0.28091473390771093,0.5211381434841182,0.1433795803121153,0.22208190190548016,0.30308140000586237,0.7748722363657229,0.13021143306575678,0.24497866312686414
14,Hi,0.5885416666666666,0.4320534214270458,-1.4980084781909715,0.004488639602309249,1.570796,0.34783336858891317,1.2694511030847926,0.008977279204618499,1.570796,0.2293163341353673,0.702256931509007,0.004488639602309249,1.570796,0.21115698086010348,-0.0425275346197842,0.004488639602309249,1.570796,0.28121246506284053,-0.42794849632148213,0.010036903277261104,-0.4636476090008061,0.054050378301319466,-0.7266423406817256,0.004488639602309249,1.570796,0.21861103439026522,-1.236059489478082,0.004488639602309249,1.570796,0.320804300203211,-1.2578950989145121,0.004488639602309249,1.570796,0.41023808624941976,-1.2594260223969949,0.010036903277261104,1.1071487177940904,0.07011479199839517,0.6947382761967033,0.010036903277261104,1.1071487177940904,0.22979905970555456,1.3542460218188075,0.0,1.570796,0.34258054953195355,1.4789502005301591,0.0063478950021907165,-0.7853981633974483,0.43111975545970943,1.5395564933646284,0.004488639602309249,0.0,0.13140295984437347,0.13706617431018764,0.012695790004381433,0.7853981633974483,0.24255272746333587,0.8902751021276822,0.004488639602309249,1.570796,0.33121780814961643,1.1071487177940904,0.0063478950021907165,-0.7853981633974483,0.4017018979351059,1.2525793265961158,0.008977279204618499,0.0,0.20598894829494196,-0.19739555984988078,0.02007380655452221,0.4636476090008061,0.2626908977620082,0.29473010520937737,0.019043685006572147,0.7853981633974483,0.2879034575379905,0.5404195002705842,0.010036903277261104,1.1071487177940904,0.30469896010515435,0.7853981633974483,0.004488639602309249,1.570796
15,Hi,0.609375,0.4281039600531836,-1.4980084781909715,0.022678441579178015,-1.373400766945016,0.34040914362164665,1.2655731930009753,0.027053745198590724,-1.4056476493802699,0.23011806787753455,0.7170118198069448,0.018337958857793428,-1.3258176636680326,0.22238041567327438,0.0,0.02223804156732744,-0.6435011087932844,0.28328856024114296,-0.38633721482131445,0.01886960399107866,-0.7853981633974483,0.04727872489006897,-0.7188299996216245,0.01779043325386195,1.570796,0.20832665706470707,-1.2895641248766014,0.019890309052404048,1.1071487177940904,0.3128537599664038,-1.312025434831199,0.0259337901229313,1.0303768265243125,0.39710941002219824,-1.2986504362637092,0.02223804156732744,0.9272952180016122,0.06414431930951893,0.5880026035475675,0.014064572410851075,-1.2490457723982544,0.23093325515867077,1.297787623708186,0.023951103765593187,1.1902899496825317,0.3415404114155646,1.4270576536465704,0.0259337901229313,1.0303768265243125,0.42780351185677257,1.5083775167989393,0.023951103765593187,1.1902899496825317,0.1337244279024839,0.06656816377582381,0.013342824940396463,1.570796,0.24266992206841745,0.850242190950655,0.018337958857793428,1.3258176636680326,0.32834074894770504,1.0768549578753155,0.018337958857793428,1.3258176636680326,0.40240410602542304,1.2210810364283888,0.023951103765593187,1.1902899496825317,0.20936853363716387,-0.2140606835638215,0.01779043325386195,1.570796,0.267596740171151,0.26916749278570046,0.018337958857793428,1.3258176636680326,0.2890945403752567,0.5325040983018507,0.02223804156732744,1.570796,0.30826770749930194,0.7649928327109102,0.022678441579178015,1.373400766945016
16,Hi,0.6108108108108108,0.45221033905446595,-1.2490457723982544,0.01901968212917019,1.3258176636680326,0.3508572663939753,1.5313431256978571,0.05157435439807754,1.1071487177940904,0.2200720670302829,0.9944211062037129,0.08161142527289032,0.8253768505207383,0.19722723645025292,0.18822150530477075,0.10458282123681112,0.722979353401491,0.27075308070325527,-0.2408464552414116,0.13193360990532207,0.636508215787951,0.04566588005018127,-0.7853981633974483,0.11532376232976661,0.28379410920832787,0.21876282420960003,-1.1354430516425942,0.15334157961607783,0.2741674511196588,0.32647829188693944,-1.1640492550689256,0.16791393252119402,0.27829965900511133,0.4180259707465328,-1.1861916119726832,0.16670567417437285,0.25168997175818675,0.07855571623543459,0.702256931509007,0.11223792965640346,0.16514867741462683,0.22832940025090637,1.4288992721907328,0.15215745703336153,0.24497866312686414,0.3322605483150746,1.5430256902014756,0.16484441678930453,0.3129012278803845,0.4244917150607935,-1.5490606199531038,0.16046173321287502,0.3217505543966422,0.15334157961607783,0.2741674511196588,0.1060978613433853,0.0,0.2456585629455098,0.9723774333163594,0.1441869899499173,0.1283232276857948,0.3169536766542656,1.1983978801181423,0.16561712922773864,0.22471116841464267,0.38276371936136233,1.3521273809209546,0.1824886946508271,0.2817718672733522,0.23991777683898027,0.019228399099707208,0.08956729715270387,-0.20749622643520266,0.2930585338317357,0.49180917598869855,0.12866741985656113,-0.2536740961386427,0.3202597150090329,0.724250000748147,0.13660877294505927,-0.20401797959254858,0.3395144098156746,0.9300126026173887,0.1441869899499173,-0.1283232276857948
17,Hi,0.5935828877005348,0.4551577029710754,-1.2522406497068297,0.010282538520967823,-1.1071487177940904,0.3633971896500422,1.5454852776520482,0.0,1.570796,0.2232518848797188,1.0056468867881372,0.010282538520967823,-1.1071487177940904,0.19853555625287317,0.23374318086890142,0.006503248370935471,-0.7853981633974483,0.26158907337129567,-0.1767088560700366,0.00459849102282884,1.570796,0.041130154083871294,-0.4636476090008061,0.00919698204565768,0.0,0.20977386650563717,-1.1169523252733864,0.006503248370935471,-0.7853981633974483,0.3170291893067402,-1.1525719972156676,0.006503248370935471,-0.7853981633974483,0.4099884210465712,-1.1673772934950848,0.010282538520967823,-0.4636476090008061,0.06632038069028091,0.5880026035475675,0.00919698204565768,0.0,0.2165689115867026,1.5070530142622096,0.023447795458485497,-0.19739555984988078,0.3313786346987164,-1.5291537476963082,0.03084761556290347,-0.4636476090008061,0.430124866918771,-1.4636810034426648,0.04528988418667716,-0.41822432957922906,0.14439554706229313,0.15991312315821926,0.010282538520967823,0.4636476090008061,0.2334838250354454,1.010109331812091,0.020565077041935647,-0.4636476090008061,0.32428329158875446,1.2535300472730704,0.03316019034514046,-0.982793723247329,0.4014406284058855,1.3981148351768913,0.041130154083871294,-1.1071487177940904,0.23492844098398918,-0.05875582271572269,0.010282538520967823,0.4636476090008061,0.277818892190014,0.4266274931268761,0.013006496741870942,0.7853981633974483,0.30381377920350877,0.6889243882148613,0.010282538520967823,0.4636476090008061,0.33112328606923597,0.9134072220706452,0.006503248370935471,-0.7853981633974483
18,Hi,0.6440677966101694,0.4920117662375436,-1.0336880727005164,0.009499606665054618,1.570796,0.38382408077907204,-1.3588386895522773,0.020151708874395134,0.7853981633974483,0.24340135340241528,1.2737321144538538,0.07388959920611549,0.7853981633974483,0.19795913027411302,0.5280744484263598,0.10098220401315652,0.7188299996216245,0.27111351510219106,0.052583061610941714,0.1330792841981227,0.6078019961139605,0.027695874741942638,0.5404195002705842,0.10198260249980853,0.4844779290370232,0.18856180831641267,-0.8567056281827385,0.14869236383800544,0.4636476090008061,0.29829369992622984,-0.9209258773829491,0.16993413010057765,0.4636476090008061,0.38762585969798113,-0.9420000403794637,0.1891590914350469,0.4973427163468224,0.0723468489560085,0.4048917862850834,0.09791970420460432,0.24497866312686414,0.2142156037105991,-1.5042281630190728,0.13509830140837897,0.1767088560700366,0.32883598909945416,-1.381899145917274,0.15558778169129708,0.21535769969773805,0.42048504208209025,-1.3312970608847376,0.16378214520682793,0.2942345651111878,0.16590349806793944,0.23109066719589708,0.09024626331801888,0.0,0.24853774278420668,1.115695518226702,0.12358619526198895,-0.03844259002118799,0.3364322951610002,1.342939278077797,0.1330792841981227,0.03569911267932397,0.41930299643584584,1.491418012235323,0.14257324138707259,0.033320995878247196,0.2661585683962454,0.03569911267932397,0.08130353674608778,-0.11710874456686428,0.3104860371163554,0.5115561271703055,0.09687735951313915,-0.19739555984988078,0.3326558258578337,0.7551044034786732,0.10546274900153113,-0.13552771398550073,0.3517741674168473,0.9678135704799592,0.11409419130510416,-0.04164257909858842
19,Hi,0.6404494382022472,0.487649616643297,-1.0420235544597045,0.006690497543968981,-0.7853981633974483,0.3859669112503367,-1.373400766945016,0.004730896182852408,0.0,0.24696003105407033,1.2793395323170296,0.0,1.570796,0.210139144761622,0.5442804849459799,0.010578605459352259,0.4636476090008061,0.27069657153470666,0.0874953408023913,0.004730896182852408,1.570796,0.026761990175875924,0.7853981633974483,0.004730896182852408,-0.0,0.18113834813156401,-0.8593372010553886,0.004730896182852408,-0.0,0.2904785666315789,-0.9240379005316064,0.004730896182852408,-0.0,0.38132901458969765,-0.9173699856141346,0.006690497543968981,0.7853981633974483,0.08084158940999876,0.3587706702705722,0.010578605459352259,0.4636476090008061,0.2176726411217714,1.5490606199531038,0.021157210918704518,0.4636476090008061,0.33858148452798564,-1.4447082317303062,0.026761990175875924,0.7853981633974483,0.42957475172918047,-1.3712409430896095,0.02365448091426204,0.9272952180016122,0.1735020297921251,0.1920480172407301,0.009461792365704816,-0.0,0.25185080348443695,1.0819439724671487,0.010578605459352259,0.4636476090008061,0.3443169512766353,1.349146763816219,0.014192688548557222,1.570796,0.4223500777585249,1.4923062241575646,0.009461792365704816,1.570796,0.26970257831918165,0.017542060057402487,0.004730896182852408,-0.0,0.29834668267264614,0.47783105499211487,0.010578605459352259,1.1071487177940904,0.3249199336675713,0.7338973524462228,0.004730896182852408,1.570796,0.34819524462517887,0.9300126026173887,0.010578605459352259,-0.4636476090008061
20,Hi,0.7017543859649122,0.5019610496806807,-0.9616328611341242,0.0321113755751464,0.4636476090008061,0.39255344909767187,-1.2991967350348206,0.019736816979992747,0.24497866312686414,0.25545984580762304,1.3439974787410107,0.010703791858382133,-1.1071487177940904,0.2164707936428265,0.6125375566103034,0.015137447614942729,1.2490457723982544,0.2904260458372136,0.14888994760949725,0.03065099530537393,0.6747409422235527,0.04117830946243424,0.6202494859828215,0.02440840086460708,0.19739555984988078,0.19736816979992747,-0.6823165548747481,0.04541234284482819,0.3217505543966422,0.3080386904825683,-0.7744095947147147,0.05602900845136699,0.348771003583907,0.40280972803668147,-0.7938013269450953,0.060549790459770915,0.3217505543966422,0.059979450052777446,0.49934672168013006,0.03350816869729176,0.0,0.2093679198742238,-1.3868528702577214,0.05457884355532607,0.2662520491509253,0.33012132244428916,-1.2765617616837088,0.06667354058189519,0.3671738338182192,0.42411875864158755,-1.2133466597189304,0.07733443320864923,0.3805063771123649,0.1591233056236969,0.2741674511196588,0.030274895229885457,-0.3217505543966422,0.23200329962594773,1.1902899496825317,0.04413286442673589,0.21866894587394195,0.3229992235754988,1.4519559822271315,0.05155628880576616,0.3805063771123649,0.4073351864566913,-1.5237721949521503,0.065108624048278,0.2984989315861793,0.26436415734742913,0.09065988720074511,0.027078689498283202,-0.7853981633974483,0.2988639765027624,0.556901524105586,0.03065099530537393,-0.6747409422235527,0.3250147837499971,0.8062284834336654,0.0321113755751464,-0.4636476090008061,0.34561812968919037,1.0327521189692719,0.04541234284482819,-0.3217505543966422
21,Hi,0.5714285714285714,0.46343299526630827,-1.2132304752184657,0.09001087275648009,0.5585993153435624,0.32443361241806673,-1.5560915044170451,0.15943973367848602,0.8913825213870482,0.17862571513734954,0.9753864513161641,0.2329775990841424,0.8288490587889791,0.1875748978006759,0.12750955821523824,0.2567256442987354,0.7328151017865066,0.25690287983541316,-0.26299473168091947,0.29959766679350336,0.6498704494119476,0.05439282932204212,-0.6610431688506868,0.23022618551159807,0.5937496667107711,0.21975697256595034,-1.0974402849599816,0.29053495461707673,0.5150728170187818,0.3288924324680171,-1.1525719972156676,0.32667062999400903,0.5028432109278609,0.4146827293782637,-1.16892567935444,0.360611931239397,0.4813972240573037,0.07091957274840684,0.8329812666744317,0.21762361180095063,0.4538440015215101,0.22903689033091013,-1.5499660067586796,0.2524797364073267,0.38752380578027884,0.34559455144982687,-1.460139105621001,0.2764048405276064,0.37089128881266237,0.4392290593651627,-1.4181469983996315,0.30209404197322637,0.37170895011858496,0.14351399805485093,0.26916749278570046,0.19767653564510837,0.3446473156180262,0.24751840710758832,1.089909046599561,0.2413737047854573,0.3217505543966422,0.3427179909222379,1.2886725946521813,0.27007475490358446,0.30499234681440474,0.4211629649657202,1.4000611153196139,0.30209404197322637,0.2717921586746994,0.23857603664601465,-0.019997333973150535,0.1816577684379734,0.23860932250820097,0.2795161304513957,0.47891359854758603,0.20025018489339952,0.21608497229678642,0.3244686844264302,0.722979353401491,0.22563318078527153,0.2347226124851971,0.3673646134525129,0.9143089350814397,0.25690287983541316,0.26299473168091947
22,Hi,0.5806451612903226,0.43597915203788495,-1.442473099109102,0.0791764790150845,0.702256931509007,0.3282689205813249,1.2983331773911049,0.09228801324480185,0.714090698612158,0.22088334235412313,0.7109093731835666,0.11090555997737614,0.5763752205911837,0.20462655660908982,-0.022723360841641067,0.16510291043252417,0.5645693936681,0.2747478504428328,-0.41822432957922906,0.18701930744590067,0.6086893073274118,0.052601989543498116,-0.7853981633974483,0.1795897712816184,0.37089128881266237,0.22054054569561546,-1.2490457723982544,0.20636227112377786,0.3930580191819325,0.32064030189498677,-1.2765617616837088,0.21331590395726893,0.3562196553961502,0.4088303309635678,-1.2706251559647845,0.21498147398038125,0.37649033444652286,0.06974104408145884,0.6435011087932844,0.179469362437186,0.28897540999256643,0.2370739631131288,1.373400766945016,0.22495616136313232,0.31521469975071104,0.3409632599864888,1.4751982081310562,0.24141104151242934,0.2730087030867106,0.4326193859201527,1.5385494443596428,0.25162678668055943,0.2808377246212028,0.135552224378424,0.10308160852270024,0.16692586848216703,0.22471116841464267,0.2512398997890281,0.8902751021276822,0.21336656680181593,0.19739555984988078,0.3389283995310024,1.1010138254362145,0.22706038895734992,0.18534794999569476,0.4103345044399004,1.223961429213889,0.23620614297708775,0.17809293823119754,0.21792758904808165,-0.19321148384780604,0.14599421365029777,0.15991312315821926,0.2587842806939488,0.31038740713235147,0.16795867566612185,0.08314123188844122,0.29668874427825775,0.5619215622568153,0.1769218478615815,0.052583061610941714,0.33206633396253626,0.7754974968094597,0.18156498897820186,0.051237167403418805
23,Hi,0.6043956043956044,0.4329488648996576,-1.4181469983996315,0.01695458601410266,0.982793723247329,0.3296012847350442,1.3258176636680326,0.010514787881645647,0.4636476090008061,0.21290822746047386,0.75415832996718,0.01487015562769954,0.3217505543966422,0.20225598323046168,-0.023251622810462915,0.006650135763907445,0.7853981633974483,0.280333000537786,-0.3960814415643074,0.004702356094470135,0.0,0.04998673094761897,-0.7188299996216245,0.0,1.570796,0.22015866783646593,-1.2220253232109897,0.004702356094470135,0.0,0.32120912992583067,-1.2583047670603775,0.004702356094470135,0.0,0.40899686579306593,-1.2672255874712328,0.0,1.570796,0.07053534141705203,0.6435011087932844,0.004702356094470135,1.570796,0.23055935336792957,1.3654009376051293,0.004702356094470135,1.570796,0.34016598273127757,1.4738786990005337,0.0,1.570796,0.4281468755426945,1.5378412291805985,0.004702356094470135,1.570796,0.14231912029206614,0.13255153229667402,0.010514787881645647,1.1071487177940904,0.2468624986198519,0.866302262552679,0.004702356094470135,1.570796,0.33442976700747756,1.0882830317724197,0.004702356094470135,1.570796,0.4105886667287153,1.220068378546693,0.0,1.570796,0.22418948102777383,-0.1685969396094296,0.010514787881645647,1.1071487177940904,0.2721279108406233,0.3162861279121545,0.01330027152781489,0.7853981633974483,0.30006780293997576,0.5619215622568153,0.004702356094470135,1.570796,0.33257328290420524,0.7654008294242978,0.0,1.570796
24,Hi,0.6108108108108108,0.4331754557262838,-1.4319113112746835,0.014587430292079548,0.3217505543966422,0.3378809113213548,1.3225064174918286,0.013838851479571994,-0.0,0.22528018049202148,0.7419472680059175,0.006523697150025896,0.7853981633974483,0.21680867317996125,0.0,0.00922590098638133,1.570796,0.28184334769346664,-0.368348921408963,0.013047394300051793,0.7853981633974483,0.05379578483819534,-0.5404195002705842,0.013047394300051793,0.7853981633974483,0.21164345558457962,-1.2145766713987465,0.020629741759231015,0.4636476090008061,0.31238906189326154,-1.2864115502010378,0.030944612638846524,0.4636476090008061,0.39730333284531416,-1.3004709804162302,0.03513118430472312,0.4048917862850834,0.05630823674775806,0.6107259643892086,0.010314870879615507,0.4636476090008061,0.22166175130436475,1.361156480920684,0.020629741759231015,0.4636476090008061,0.33471716270619645,1.446441332248135,0.030944612638846524,0.4636476090008061,0.42561812133251814,1.494855690529002,0.04125948351846203,0.4636476090008061,0.12924496167477081,0.03569911267932397,0.00922590098638133,-0.0,0.23867282815663193,0.8537845069879517,0.020629741759231015,0.4636476090008061,0.3284278213071653,1.0568766457963628,0.029174860584159096,0.3217505543966422,0.4077441190621669,1.1881891124370965,0.03513118430472312,0.4048917862850834,0.21817841668948107,-0.2347226124851971,0.013838851479571994,-0.0,0.2662755498083827,0.24497866312686414,0.023521524580016658,-0.19739555984988078,0.29526486804057284,0.5055810548742051,0.02767770295914399,-0.0,0.3267714627743483,0.7254700082762404,0.028059482414100865,0.16514867741462683
25,Hi,0.6195652173913043,0.42992715685110017,-1.4197809838735371,0.0046199357168136895,1.570796,0.3327957473836615,1.3325515686161515,0.0046199357168136895,1.570796,0.22223763665863117,0.7559948751934432,0.0,1.570796,0.21251704297342972,0.0,0.0,1.570796,0.28227013285259783,-0.368348921408963,0.0046199357168136895,0.0,0.049972245348957715,-0.5880026035475675,0.0,1.570796,0.2060408459230335,-1.2277723863741932,0.0046199357168136895,1.570796,0.3084304515843508,-1.2822089649008193,0.006533575748009787,0.7853981633974483,0.39345473070912607,-1.2973353397046523,0.006533575748009787,0.7853981633974483,0.06023659207386686,0.5667292175235064,0.0,1.570796,0.22300463682186883,1.3408918986629919,0.0,1.570796,0.3358283356854533,1.4327903031373772,0.0,1.570796,0.42663799385713613,1.4840579881189115,0.0,1.570796,0.13867504905630726,0.033320995878247196,0.0046199357168136895,-0.0,0.2386768071836327,0.8264709419879024,0.0046199357168136895,1.570796,0.32723367008900756,1.0376406212872666,0.0046199357168136895,1.570796,0.4058449840938615,1.1733782429103226,0.0046199357168136895,1.570796,0.22300463682186883,-0.2299044281319047,0.0,1.570796,0.2655960822769364,0.2281026282799428,0.006533575748009787,0.7853981633974483,0.29758267961704254,0.4844779290370232,0.0046199357168136895,1.570796,0.3277224922557709,0.705568177685211,0.0046199357168136895,1.570796
26,Hi,0.6519337016574586,0.4420346891150791,-1.2622900310629834,0.07064627685550007,0.5516549825285469,0.3247988148195307,1.4994888620096063,0.08496230161504972,0.5123894603107377,0.19809524594144906,0.9179496956941223,0.09937148527244737,0.4844779290370232,0.20035312084423126,0.11575921772081071,0.13261202199432431,0.5104883219167758,0.2786540271212456,-0.20065287731988662,0.16434967958278898,0.5645693936681,0.029634885035255337,-0.8960553845713439,0.11607445177528082,0.41012734054149097,0.190825223238807,-1.1722738811284763,0.14708622617639253,0.4214192068878042,0.2905088915791347,-1.178456182579381,0.16776795124940852,0.4266274931268761,0.37559705780795705,-1.178848801326384,0.18232959902825316,0.41822432957922906,0.0786792551445671,0.4899573262537283,0.11708501217051887,0.3217505543966422,0.216933361976921,1.3775848429470905,0.14635626521314857,0.3217505543966422,0.3247988148195307,1.4994888620096063,0.16099189173446343,0.3217505543966422,0.4166400691235957,1.5485777614681775,0.16538905550501118,0.3129012278803845,0.15905094991729565,0.1460122577112754,0.11346150878889294,0.2053953891897674,0.24159868811825227,0.9349579032711515,0.14989911283637208,0.15499674192394097,0.33003256676715165,1.1824776086224307,0.17224086788126375,0.1076898708328207,0.4075437307465483,1.3065363068815665,0.18197681650034636,0.12750955821523824,0.2506070598934891,-0.07393903765794034,0.09763180620770037,0.09495170634275632,0.29656561170082235,0.40079344857523475,0.11653488377635128,-0.11942892601833845,0.33142504710824366,0.6267429012110469,0.12573016900867673,-0.11065722117389563,0.3602267442488732,0.821745784416469,0.1345363598817604,-0.0688564893010446
27,Hi,0.6428571428571429,0.44583581345001017,-1.2326537980902492,0.009243719509632457,-0.0,0.3374274171902786,1.5570985534220307,0.019608890245942492,-0.7853981633974483,0.20257248027932584,0.9638086627484886,0.009243719509632457,1.570796,0.20066537472409887,0.13863973713415806,0.006536296748647499,0.7853981633974483,0.27923071950475514,-0.21687361566640828,0.006536296748647499,-0.7853981633974483,0.029594342218079234,-0.6747409422235527,0.010334792594239599,0.4636476090008061,0.19852488284705122,-1.1383885512243588,0.014615603851086663,-0.3217505543966422,0.30222863621516766,-1.1618884978439712,0.016664352333993333,-0.5880026035475675,0.39144178086396364,-1.1705556697609225,0.019608890245942492,-0.7853981633974483,0.07452524923963275,0.5191461142465229,0.009243719509632457,0.0,0.21505310306818684,1.4197809838735371,0.013865579264448685,0.0,0.3284448467332211,1.5285679246818946,0.014615603851086663,-0.3217505543966422,0.42069080475995496,-1.548821842498234,0.023566953078897113,-0.19739555984988078,0.1582269909314419,0.11710874456686428,0.006536296748647499,0.7853981633974483,0.24500216557586527,0.946160904023283,0.006536296748647499,-0.7853981633974483,0.33135865799612996,1.169567527790048,0.0,1.570796,0.41712124250214344,1.3016288340091962,0.009243719509632457,1.570796,0.24604621362479906,-0.09406123462798634,0.010334792594239599,0.4636476090008061,0.28670435828322327,0.3625442372645076,0.016664352333993333,0.982793723247329,0.32303460401748413,0.5919708366866009,0.014615603851086663,1.2490457723982544,0.3594963211756124,0.7853981633974483,0.010334792594239599,-1.1071487177940904
28,Hi,0.6783625730994152,0.4966572099502945,-0.9936041129214358,0.015303871810752155,1.2490457723982544,0.3838191523615761,-1.3288757581104917,0.06291361952358877,1.1760052070951352,0.2606155459599081,1.3078015951139772,0.13446522083154042,1.042721878368537,0.22282773702747619,0.6000502134017536,0.1665241288827305,0.9505468408120751,0.2840507448182057,0.15394466445834992,0.18592787170897837,0.8960553845713439,0.048395091941222136,0.6435011087932844,0.16109097106266612,0.5713374798336268,0.19895033353977798,-0.7165416740964037,0.2078173380604898,0.4844779290370232,0.30828851132647384,-0.8298133786443591,0.2272509022516424,0.4636476090008061,0.3990761516702738,-0.8884797719201486,0.23807237378743493,0.4636476090008061,0.06121548724300862,0.3217505543966422,0.14299091365018365,0.41822432957922906,0.2108382599470683,-1.4094212163742053,0.19610465178590036,0.27490984148067255,0.3298330558324461,-1.3187003461268225,0.22668335455552446,0.28123220191829523,0.4195047808896947,-1.278234560391049,0.24486194897203448,0.3217505543966422,0.16325724006950665,0.20902294280626463,0.12813280343938238,0.18998828791871572,0.2403243937385962,1.1341691669813554,0.1718536903637269,0.16977827396833844,0.33598882918449596,1.3677511095414314,0.19096141564899907,0.15264932839526515,0.4123818452982531,1.5003249822161009,0.21365213588622795,0.2284966392918623,0.27602177917276505,0.035073330533225366,0.10174485423881201,0.047583103276983396,0.31826902608166513,0.4908517803980192,0.12108448135180616,-0.039978687123290044,0.3501210146822462,0.7071270228761704,0.135506257435422,0.0,0.37865873692183555,0.8940593792380361,0.1503366871944226,0.06442683942555355
29,Hi,0.6428571428571429,0.4844141200576128,-1.0516502125483738,0.06955967175178304,0.5280744484263598,0.3350212977645995,-1.4056476493802699,0.10014029468768496,0.9272952180016122,0.20825810916286036,1.0963964440029892,0.1251753683596062,0.9272952180016122,0.21859504711898176,0.3507279482482035,0.11688993592237025,0.7551044034786732,0.2704251529302416,-0.018516402068009044,0.1417082475963312,0.5585993153435624,0.0602924414814945,0.08314123188844122,0.09447216506422079,0.5585993153435624,0.22307922393720755,-0.8012698463892384,0.11196025310426232,0.4636476090008061,0.33550735090461264,-0.9123709530115273,0.12315627841468854,0.4636476090008061,0.41675690960170314,-0.9561333748727311,0.1283398579303172,0.3587706702705722,0.0532252967130154,0.7188299996216245,0.08956820248340985,0.4636476090008061,0.22104708339314166,-1.3422996875030344,0.0887245271433275,0.2860514417173182,0.3420197905149509,-1.2583047670603775,0.08257780247556083,0.24497866312686414,0.4371900942379635,-1.220068378546693,0.07772977144332904,0.26060239174734096,0.1554595428866581,0.26060239174734096,0.09026524180913055,0.3392926144540447,0.236180412660552,1.2021004241368467,0.08257780247556083,0.24497866312686414,0.3328817639230287,1.4501726582147938,0.07168954102810184,0.21109333322274654,0.4205892376882768,1.570796,0.07290323496712806,0.27829965900511133,0.27056417709481717,0.037020115873930025,0.0887245271433275,0.2860514417173182,0.3069018221510439,0.4928363969936008,0.08150829458306899,0.18534794999569476,0.3481225791647939,0.7039461190915773,0.09136944484489078,0.16514867741462683,0.3872271240081062,0.8677800939891389,0.10621482216552185,0.1418970546041639
30,Hi,0.6123595505617978,0.437037699869863,-1.3497492641198778,0.07186582240968868,0.6435011087932844,0.3049008621686341,1.4288992721907328,0.12575948545091598,0.7044940642422177,0.189716092016039,0.7853981633974483,0.18493719872943246,0.6383198080090458,0.2108608491779744,0.022723360841641067,0.22230700908755116,0.6478114269270985,0.2803892950474919,-0.348771003583907,0.2447661712639281,0.702256931509007,0.06445705043558109,-0.83798122500839,0.2383038114056754,0.5266272714337507,0.24031808753716596,-1.1606689862534056,0.27874717670838717,0.5020901990219941,0.3460853200840633,-1.187719261257889,0.29142848784181363,0.4783524313786575,0.4261884969275308,-1.2028153906499124,0.3021404949473331,0.47783105499211487,0.06516539093942662,0.9420000403794637,0.21015207120891854,0.4228539261329407,0.2348105697635288,1.5503909961083586,0.26246061281895955,0.37372681996555346,0.3454878768686954,-1.5152978215491797,0.29103439910461265,0.35299038782691045,0.42812304045816846,-1.48114961047341,0.3136220244902779,0.32658143469061846,0.12784128803763045,0.2267988480538859,0.1818077477886293,0.3217505543966422,0.24012697968384913,1.0714496051147666,0.23495715841775916,0.28950367196138826,0.33183026971757384,1.2627435457711202,0.2626354700087882,0.25825221981103874,0.40591291336934116,1.3687711703913044,0.28010261928929053,0.22423475110909613,0.20740342985467383,-0.11575921772081071,0.1429309051916362,0.23684876094692026,0.26424741387948286,0.3906070436976868,0.17958468735789476,0.16076274062583473,0.316354768767999,0.6132073488745093,0.19927563072258794,0.16910122600137706,0.35910545988750237,0.7853981633974483,0.20955046352479614,0.18394345653717517
31,Hi,0.6228571428571429,0.43771735229126,-1.3473197256542635,0.021691514670161522,1.1071487177940904,0.3128394735429868,1.446441332248135,0.01748825822218414,0.5880026035475675,0.19904254894707088,0.8198672643969563,0.010845757335080761,0.4636476090008061,0.20423456695672026,0.07130746478529032,0.0199985883847575,0.24497866312686414,0.2792229641330427,-0.29977607009997964,0.00970074026748302,-0.0,0.058406190707597824,-0.7266423406817256,0.010845757335080761,0.4636476090008061,0.2280189901297357,-1.154731821071074,0.014551110401224528,-0.0,0.3287534934493256,-1.1930296688550752,0.0199985883847575,-0.24497866312686414,0.4161436671232913,-1.2011120379995952,0.014551110401224528,-0.0,0.0652550562685129,0.7328151017865066,0.0199985883847575,0.24497866312686414,0.2244311912810213,1.4625257359344406,0.029102220802449057,-0.0,0.3348161001496189,1.5418189329433354,0.03880296106993208,-0.0,0.42209368966959276,-1.5478118693534446,0.03910493419287335,0.12435499454676144,0.13795871542364377,0.1767088560700366,0.021691514670161522,0.4636476090008061,0.23682525117763778,0.960070362405688,0.029503649707600416,-0.16514867741462683,0.32800123712573953,1.1600793636802247,0.03910493419287335,-0.12435499454676144,0.39908850176389987,1.2874883624194424,0.03910493419287335,-0.12435499454676144,0.2244311912810213,-0.10827059086045604,0.02828227492204111,0.5404195002705842,0.2730891917976697,0.34421868298246766,0.0199985883847575,0.24497866312686414,0.3121242388671563,0.5750722897323907,0.00970074026748302,-0.0,0.35010131556830715,0.7462025614703937,0.010845757335080761,-0.4636476090008061
32,Hi,0.6079545454545454,0.42735016947949656,-1.5480729659532555,0.06330143207146402,0.5667292175235064,0.3323103532690571,1.1332865546774438,0.05846192017701554,0.844153986113171,0.2372996782575139,0.5369107427400456,0.09326147021548124,0.6747409422235527,0.24031015119718696,-0.1418970546041639,0.13498292085158922,0.65788860518221,0.29991159569573783,-0.507098504392337,0.17504945003841269,0.5880026035475675,0.08296224585248778,-0.3587706702705722,0.10953375232883215,0.223476601140633,0.22823655914396418,-1.154731821071074,0.1448385198002036,0.23684876094692026,0.3285653893602382,-1.2397002500907646,0.16014136359700548,0.24497866312686414,0.4148112292624389,-1.2860658882721845,0.18015903404663117,0.24497866312686414,0.04176427381007282,0.9505468408120751,0.11902174424871731,0.2053953891897674,0.2259009331214687,1.4197809838735371,0.1542942569805606,0.22208190190548016,0.33723895380321417,1.4553696664279718,0.17329011443119233,0.19739555984988078,0.42858938705814964,1.491418012235323,0.18853402757102194,0.20749622643520266,0.10680996071396856,-0.0,0.11208633762902508,0.08673833867598511,0.2306507409264566,0.85988695361133,0.1560411833887982,0.09347678115858947,0.33245218441220664,1.0679531158670357,0.1716501079979907,0.1418970546041639,0.4111871081993237,1.1705556697609225,0.1915725944061915,0.15264932839526515,0.1995870811109175,-0.3217505543966422,0.10692024464702689,-0.04542327942157701,0.24755730633027473,0.19739555984988078,0.12660286414292804,-0.07677189126977804,0.28878058297455383,0.47116626431311,0.13602661876836214,-0.03569911267932397,0.3207607339410807,0.6889243882148613,0.13108495178532503,-0.0
33,Hi,0.6228571428571429,0.4270805300374427,-1.5367186152078889,0.010845757335080761,1.1071487177940904,0.3369174770555204,1.171575557219644,0.00970074026748302,-0.0,0.23811316206090502,0.5823529461439831,0.00485037013374151,-0.0,0.23407747568158968,-0.10379234045704283,0.00485037013374151,-0.0,0.29935076158950524,-0.47089385898070324,0.00485037013374151,0.0,0.0802879117862453,-0.43662715981354133,0.01533821711747869,1.2490457723982544,0.22359101541177748,-1.1459641638755542,0.00485037013374151,1.570796,0.32210255946705246,-1.2490457723982544,0.006859459225666646,0.7853981633974483,0.40511480702341457,-1.2793395323170296,0.0,1.570796,0.04172446155599351,0.9505468408120751,0.00970074026748302,1.570796,0.22089162854377448,1.4164775508687777,0.00485037013374151,1.570796,0.3320998523877407,1.4536875822280324,0.00485037013374151,1.570796,0.4233459069465933,1.49050951151188,0.00485037013374151,1.570796,0.11155851307605472,-0.0,0.010845757335080761,1.1071487177940904,0.22316974133917747,0.8315192794119595,0.0,1.570796,0.31527405869319813,1.0382922284930458,0.00970074026748302,1.570796,0.4018788509382051,1.1611502181700588,0.0,1.570796,0.2040040538280107,-0.3142318990843383,0.010845757335080761,1.1071487177940904,0.25119111159587265,0.17467219900823971,0.006859459225666646,0.7853981633974483,0.2886275908984216,0.4335814839517618,0.00485037013374151,-0.0,0.3250109937370879,0.6584253737833694,0.010845757335080761,0.4636476090008061
34,Hi,0.627906976744186,0.42447430180602935,-1.5011417530663285,0.02510644522690797,0.19739555984988078,0.31765053424865536,1.2392421649189584,0.009847558009919398,0.0,0.22266153993314503,0.6125375566103034,0.022019809122552324,0.4636476090008061,0.23680254661264583,-0.06241880999595735,0.046450838231206236,0.5585993153435624,0.29299588137235594,-0.4335814839517618,0.04539499943411128,0.7086262721276703,0.06419822386363916,-0.5667292175235064,0.024618895024798495,0.6435011087932844,0.21959171155300317,-1.2277723863741932,0.024618895024798495,0.6435011087932844,0.32129308657153777,-1.3072324432118587,0.024618895024798495,0.6435011087932844,0.41080372130723924,-1.3287246322237776,0.022019809122552324,0.4636476090008061,0.05929015057329404,0.7266423406817256,0.022019809122552324,0.4636476090008061,0.22809376347032687,1.33105321792444,0.024618895024798495,0.6435011087932844,0.33916939798210094,1.410420882818946,0.02871031851876927,0.5404195002705842,0.426298045120847,1.455037109074086,0.03152756868642044,0.6747409422235527,0.13303318297878844,0.037020115873930025,0.022019809122552324,0.4636476090008061,0.23685373056366238,0.8148014516014535,0.031140712701980298,0.3217505543966422,0.3293415628365739,1.0201207758826454,0.031140712701980298,0.3217505543966422,0.4075152241012858,1.1341691669813554,0.03550587534287051,0.5880026035475675,0.2173724356839893,-0.2284966392918623,0.024618895024798495,0.0,0.2604022817335523,0.26791042242333973,0.04060252182929493,-0.24497866312686414,0.3041604451861324,0.507098504392337,0.04060252182929493,-0.24497866312686414,0.34610349039950233,0.6947382761967033,0.03481637523470955,-0.1418970546041639
35,Hi,0.6588235294117647,0.5,-0.9882432605815417,0.1042018487702327,1.4288992721907328,0.37179930927553206,-1.303385529611023,0.17710908674395362,1.231503712340852,0.25258054319005946,1.3352513460740334,0.2645258791485454,1.0240074859056492,0.2102480140005571,0.6528466311007742,0.3153720210008356,0.9179496956941223,0.26814969018425616,0.1470783553884025,0.3751909721880678,0.8039145654654574,0.048378793629074046,0.41822432957922906,0.29838868503095495,0.5743048301747018,0.21190556103739128,-0.7690061890894431,0.3778504572622305,0.45783372101896436,0.3340965428611049,-0.8478169733934057,0.43151253655231675,0.3974180838845741,0.42893263603300524,-0.8745917759891815,0.47158932009280696,0.38437482976879184,0.05313272602318609,0.5880026035475675,0.2857909709986191,0.42520501897961815,0.220663116937397,-1.277207339386147,0.3961802465567902,0.3021452235394375,0.33575352779313883,-1.2120256565243244,0.45073907928515217,0.2872814533971342,0.4360459691939204,-1.1777383076129642,0.49329546030469834,0.26188526468051904,0.1538521859641685,0.2914567944778671,0.25505222199086325,0.2730087030867106,0.23300241723139314,1.2490457723982544,0.35370691292773926,0.16743177847052315,0.3314499765586325,1.4519559822271315,0.39736609898180464,0.14888994760949725,0.4175303919731043,1.570796,0.4362672561755301,0.13552771398550073,0.2610828792895501,0.07532889082834011,0.21484569333096407,0.18394345653717517,0.27525422350822504,0.6078019961139605,0.285579821379104,0.0688564893010446,0.30316192343254855,0.8656849786804648,0.3300273596271978,0.07448879021388172,0.34500447256822053,1.0816765212833679,0.3643258526359994,0.06746502452190475
36,Hi,0.7735849056603774,0.5004575980773972,-0.9193430993441112,0.030259129974197004,1.4056476493802699,0.37126428459733357,-1.257520145801225,0.01573097260610029,-1.2490457723982544,0.2341749589688601,1.356735643231075,0.0267888810421086,-1.1902899496825317,0.20833890118766143,0.5813801838048998,0.031852791815614824,-0.6747409422235527,0.27648051447155336,0.14444157837464397,0.025365431156360856,-0.19739555984988078,0.060722369330377564,0.6107259643892086,0.0267888810421086,0.3805063771123649,0.21111176232984127,-0.6010737544977494,0.04693000258141386,0.5585993153435624,0.3248360140604571,-0.6986598247214632,0.05990175905131023,0.7266423406817256,0.41560741378787586,-0.7345944593392266,0.07035104819885454,0.7853981633974483,0.04719291781830087,0.3217505543966422,0.022246954808866664,0.4636476090008061,0.2015775447756588,-1.295886485314224,0.017936068378383293,0.982793723247329,0.3243023082432471,-1.2102303263167906,0.017936068378383293,0.5880026035475675,0.4148028097153938,-1.1769277160585352,0.022246954808866664,1.1071487177940904,0.14840569875484944,0.23684876094692026,0.025365431156360856,0.19739555984988078,0.2155200658579819,1.2417466319545571,0.029006480259679637,0.5404195002705842,0.3094246722788881,1.4903253155294358,0.04010626814314946,0.5191461142465229,0.39349448713808854,-1.520206618025512,0.04693000258141386,0.5585993153435624,0.2594418465945977,0.07677189126977804,0.025365431156360856,-0.19739555984988078,0.2721503725714327,0.5372847143007717,0.02110531445965636,0.7853981633974483,0.3060472748157917,0.7968919101124788,0.011123477404433332,1.1071487177940904,0.33805124448820584,0.9950380092716609,0.01989828129799668,1.570796
37,Hi,0.7435897435897436,0.5,-0.9314104211087237,0.0218240985742247,-0.7853981633974483,0.3808636960297335,-1.2832204960144495,0.011502309895763892,-0.4636476090008061,0.24329492735473401,1.3360737143096995,0.007274699524741568,-0.7853981633974483,0.20831569216870258,0.5743048301747018,0.011502309895763892,1.1071487177940904,0.2816069918932232,0.16514867741462683,0.005143989365039316,-0.0,0.05468135700952426,0.7188299996216245,0.011502309895763892,0.4636476090008061,0.20575957460157265,-0.6435011087932844,0.01626672265320756,0.3217505543966422,0.31697160622563647,-0.7279900487606487,0.020575957460157265,-0.0,0.4111653478448987,-0.7588557256460511,0.020575957460157265,-0.0,0.053704825649586625,0.2914567944778671,0.007274699524741568,0.7853981633974483,0.20212671137509866,-1.313472611823808,0.005143989365039316,-0.0,0.31909323262838,-1.208252089530389,0.011502309895763892,-1.1071487177940904,0.4194480971243073,-1.1675148450760604,0.005143989365039316,1.570796,0.15737581290029543,0.19739555984988078,0.005143989365039316,-0.0,0.21975132200384734,1.2120256565243244,0.005143989365039316,-0.0,0.31529759607354196,1.4727510495010574,0.005143989365039316,-0.0,0.40152782941967524,-1.5323537367737086,0.005143989365039316,-0.0,0.26827766272720927,0.07677189126977804,0.005143989365039316,1.570796,0.2814190032261491,0.5372847143007717,0.005143989365039316,1.570796,0.30919612523628853,0.797162326547207,0.005143989365039316,0.0,0.34679035142404535,1.0074800653029286,0.007274699524741568,-0.7853981633974483
38,Hi,0.6,0.4817737314433234,-1.0971987974012853,0.05991913975370081,0.4636476090008061,0.33045826580852306,-1.4243121484013355,0.12150443286515251,0.8478169733934057,0.1965493922731413,1.1193432352423422,0.15934435979977452,0.7378150601204649,0.19367882943313197,0.25168997175818675,0.17579912082360635,0.6556956262415362,0.2607962919260029,-0.16514867741462683,0.2186843388849083,0.628796286415433,0.040815447263188455,-0.4048917862850834,0.1755538766388859,0.5456550545269917,0.22938937485009553,-0.9179496956941223,0.1989459818052895,0.4756952188549921,0.3433737914602172,-0.9741359309175819,0.22291208534782866,0.4743998827919073,0.43407271009251297,-0.9964914966201949,0.24448183876372925,0.4538440015215101,0.06821314454146865,0.7853981633974483,0.1557897633596221,0.4636476090008061,0.22913881292403362,-1.382574821490126,0.16622567270041616,0.3625442372645076,0.3497143004107277,-1.3072324432118587,0.1831605692217816,0.3587706702705722,0.44249382057832176,-1.2758592679460896,0.1966224453855962,0.3045108832021125,0.15606606821169944,0.27829965900511133,0.1424009588740023,0.34555558058171215,0.24087196073970135,1.2068173702852525,0.15762264715788407,0.31099828060554097,0.34034915301184804,1.4444882097316563,0.1627331472253958,0.30092023436042514,0.42877995736535457,1.5582969777755349,0.17299933058353995,0.2825549524695875,0.257471086326441,0.04164257909858842,0.12614366517866,0.2140606835638215,0.2925625247401877,0.49642275340488184,0.15243504523142268,0.1767088560700366,0.32625957840345465,0.7389200320464454,0.16299768245375182,0.16514867741462683,0.3633689509098075,0.9213955814348322,0.1728332246109288,0.12435499454676144
39,Hi,0.5886075949367089,0.47815455594512185,-1.1224536451182825,0.010908784385571668,1.570796,0.3288957787578628,-1.4711276743037347,0.010908784385571668,1.570796,0.19831797982729624,1.0209431441183117,0.0163631765783575,1.570796,0.19582711281745438,0.22471116841464267,0.019666090727579785,0.5880026035475675,0.2610141810349311,-0.18919902209996817,0.024392783438026526,0.4636476090008061,0.05174490774313038,-0.3217505543966422,0.007713675413539652,0.7853981633974483,0.23345818075421693,-0.9179496956941223,0.017248302581043463,0.3217505543966422,0.3494644018510729,-0.9741359309175819,0.017248302581043463,0.3217505543966422,0.44636127734007836,-1.003129902423017,0.019666090727579785,0.5880026035475675,0.0579809843291549,0.851966327173272,0.005454392192785834,-0.0,0.23320317447302844,-1.382574821490126,0.017248302581043463,0.3217505543966422,0.35591737590712647,-1.3072324432118587,0.017248302581043463,0.3217505543966422,0.4519581911274941,-1.2643117619450344,0.012196391719013263,0.4636476090008061,0.14686400440449734,0.26299473168091947,0.005454392192785834,-0.0,0.24005523021026756,1.1987285679367763,0.0163631765783575,-0.0,0.33631978639493254,1.4243121484013355,0.022489035134400318,-0.24497866312686414,0.420129847482211,1.5448281395833403,0.024392783438026526,-0.4636476090008061,0.2509020408681483,-0.0,0.007713675413539652,-0.7853981633974483,0.27337335314935196,0.49934672168013006,0.007713675413539652,0.7853981633974483,0.31635474718157836,0.7610127542247297,0.0,1.570796,0.3557083447174822,0.9487643115057242,0.0,1.570796
40,Hi,0.5730994152046783,0.4382297437149645,-1.478040006606753,0.045381352038965754,0.4636476090008061,0.3160852706372306,1.243969673864956,0.08610506144463487,0.7853981633974483,0.21115743651112626,0.6146629519221656,0.14818592406545036,0.6640461628266846,0.22416734274729405,-0.09065988720074511,0.18779876013474572,0.6705215579805492,0.2791045387392648,-0.47177751118075006,0.22832052315744625,0.6435011087932844,0.06615412016556226,-0.5667292175235064,0.1978777867364534,0.39479111969976155,0.22803847175495334,-1.2068173702852525,0.2619274674370107,0.37690927032482097,0.33212980479607396,-1.2442148921042782,0.28742020556248504,0.36083678303309075,0.41406598163534036,-1.2722973952087173,0.3112843196520147,0.3320594675428855,0.05393512118230026,0.851966327173272,0.20071951921974063,0.2817718672733522,0.22972558579241095,1.460139105621001,0.2683358323709783,0.26791042242333973,0.3405491767635193,1.5111656136637273,0.30887669708862203,0.24896270579271707,0.43139146605841583,1.5472712558096797,0.34088917824493964,0.255808564615372,0.12271859379477995,0.12435499454676144,0.18607737862344081,0.1920480172407301,0.23651696652402412,0.9530406012286641,0.25190738459948914,0.16183743123842292,0.3246035831024595,1.135113453763956,0.28701687148211624,0.1418970546041639,0.3979610797311984,1.2329181385546182,0.3171828628164041,0.1283232276857948,0.20697080941040563,-0.19739555984988078,0.16307320164613692,0.09347678115858947,0.25031837109871136,0.30893074392374165,0.2082727204055554,0.04874185130993159,0.2941922932691692,0.564083721049657,0.22854591365967183,0.04441521524691084,0.3410024367379849,0.7538297069096702,0.249442679082839,0.08145204430587097
41,Hi,0.6325301204819277,0.42259355652289643,-1.5587487169407106,0.05091119135462861,0.6435011087932844,0.3301385655849026,1.1071487177940904,0.036712582184814484,0.5880026035475675,0.24884065441357534,0.5369107427400456,0.03706390676558846,0.27829965900511133,0.2462754881843788,-0.12435499454676144,0.06151622657084481,0.4266274931268761,0.30758113285422406,-0.5006677248747361,0.06638007222616543,0.5667292175235064,0.08427301685655056,-0.43662715981354133,0.05804768924506724,0.2662520491509253,0.23067882713348545,-1.1861916119726832,0.07289373279337946,0.21109333322274654,0.3322125910786424,-1.3072324432118587,0.09885165278034806,0.20749622643520266,0.4163838321913133,-1.361410933841401,0.11486088312476682,0.223476601140633,0.03976291157775098,0.8760580505981934,0.06638007222616543,0.07677189126977804,0.22267463286255534,1.3868528702577214,0.09178145546203621,0.05549850524571683,0.3391235690812414,1.4352686128093959,0.10233022816742054,0.09966865249116204,0.42561877769403755,1.4508923414298727,0.11720636436338404,0.04345089539153084,0.11720636436338404,-0.04345089539153084,0.07145726224912899,-0.07130746478529032,0.22705478120573896,0.8329812666744317,0.09220408911151483,-0.11065722117389563,0.32654677846791375,1.0303768265243125,0.1069135018447201,-0.0,0.4078618795896151,1.146234946430539,0.11246649766539521,0.09065988720074511,0.20929391999528948,-0.3217505543966422,0.07199929729028766,-0.1418970546041639,0.2536378998410208,0.18164883000001195,0.08788634266676411,-0.17467219900823971,0.2937447798640241,0.4481449750757897,0.09290420614343328,-0.16514867741462683,0.330922743805086,0.6435011087932844,0.09387559841354876,-0.21866894587394195
42,Hi,0.6524390243902439,0.41878563210686587,-1.5586018093466447,0.010213524255391862,1.570796,0.33134977259014453,1.1416178187935986,0.010213524255391862,-0.0,0.24792791047771395,0.5651494400067594,0.005106762127695931,-0.0,0.24703219519640462,-0.12435499454676144,0.005106762127695931,1.570796,0.3106322132149482,-0.4783524313786575,0.005106762127695931,0.0,0.07591747686653023,-0.3430239404207034,0.007222052260800869,-0.7853981633974483,0.21527289082720344,-1.1814796049617557,0.011419067262449564,-1.1071487177940904,0.31846712005931377,-1.2946993073994602,0.010213524255391862,1.570796,0.4087962285787328,-1.3439974787410107,0.007222052260800869,0.7853981633974483,0.03988508725276952,0.6947382761967033,0.005106762127695931,-0.0,0.21436238530504367,1.3547113544981102,0.007222052260800869,-0.7853981633974483,0.3307983759384805,1.4157995848709557,0.007222052260800869,-0.7853981633974483,0.4218568816347616,1.449444326224133,0.0,1.570796,0.11789875892301593,-0.08673833867598511,0.0,1.570796,0.2240000745114717,0.8176450458327023,0.0,1.570796,0.32587385153515536,1.0088747645380813,0.005106762127695931,-0.0,0.40662142488933417,1.1296168463799159,0.005106762127695931,-0.0,0.2164206988581489,-0.33667481938672716,0.005106762127695931,-0.0,0.25354443967904966,0.16183743123842292,0.0,1.570796,0.29711526511898234,0.42520501897961815,0.005106762127695931,-0.0,0.3360389175780163,0.6343828204760888,0.007222052260800869,0.7853981633974483
43,Hi,0.6011560693641619,0.45923528020167603,-1.2183387039681923,0.13603432683808825,0.992894389832651,0.3616816234761433,1.5570985534220307,0.1869467130118945,1.0121970114513341,0.26177040559393894,1.0563450137358688,0.2429519444636931,0.8865015351337469,0.22858654824385766,0.5218342798144103,0.2994247358081712,0.890887471922539,0.2588001994915022,0.0958591471100132,0.3336931015511482,0.8589494538859881,0.06516072240816516,0.15264932839526515,0.25502677320175493,0.507098504392337,0.18916535550064034,-0.7853981633974483,0.3191056959817561,0.4844779290370232,0.2666012109301218,-0.83798122500839,0.37300621446426413,0.5290304710796486,0.322586187056295,-0.8288490587889791,0.4286923728859917,0.5880026035475675,0.03869258598979893,0.6947382761967033,0.24471340057937038,0.372987721800061,0.2090127792323703,-1.4758446204521403,0.30418200208338936,0.280536791738322,0.3307009404859425,-1.4204248987877621,0.33643989459511914,0.23783592745745075,0.432482779735166,-1.3981148351768913,0.35851235419637173,0.19468553938394986,0.13032144481633032,0.15264932839526515,0.22116504510232513,0.2721458905311873,0.23263075802457733,1.1071487177940904,0.2753415754805678,0.14444157837464397,0.33284621010726695,1.3149877621795247,0.3140275892156022,0.11065722117389563,0.4210966288668768,1.4172525442553405,0.33325151366265227,0.0893139929932222,0.2292298512463363,-0.10827059086045604,0.2031171974534347,0.2213144423477913,0.2747615796195808,0.44751997515716985,0.2231535820197415,0.04441521524691084,0.3280557375519119,0.6676655885933547,0.23289436236753233,0.021273386024061203,0.3749749449641144,0.8134282033572948,0.2330523818558254,0.0425275346197842
44,Hi,0.7090909090909091,0.5005984588778167,-0.9608794237178293,0.06445973121819319,1.0040671092713902,0.39115708067068294,-1.2890244595215443,0.10179980776180869,1.0636978224025597,0.2638359805766078,1.3439974787410107,0.14000747191982735,0.8353565591193911,0.23632362068382495,0.6518691143055769,0.18511347620101182,0.5954098754787326,0.30222165431598114,0.2648173299057889,0.23585775393220543,0.5763752205911837,0.049438357034866036,0.6435011087932844,0.1672887641929782,0.5961991412974801,0.20769994639459244,-0.6673061349783543,0.20840481249211446,0.3893167218331408,0.3216914041976155,-0.7636624565556557,0.22307603488229802,0.223476601140633,0.41601723842887894,-0.7938013269450953,0.2377671466247562,0.06241880999595735,0.06194608381247207,0.49934672168013006,0.15476653783621155,0.4636476090008061,0.21235486490627445,-1.35970299357215,0.20197247988738948,0.3759609538713056,0.33300320945592027,-1.2537405735857496,0.23320026373340202,0.3686959026580498,0.4224015076682407,-1.2120256565243244,0.2590211361378142,0.4124104415973873,0.16434071366125652,0.2741674511196588,0.1423446978390277,0.3547056520109403,0.23781853907032013,1.209592571301215,0.19230186385894238,0.31362065221669827,0.32868142732251304,1.4501726582147938,0.21887293680949912,0.3217505543966422,0.40539452768590145,1.570796,0.2424496547093451,0.3539974368318961,0.2730322507733474,0.09065988720074511,0.1211996220674982,0.2053953891897674,0.3018575073347038,0.5516549825285469,0.15711755655463705,0.22208190190548016,0.3321212748873969,0.7748722363657229,0.18825565495211524,0.23860932250820097,0.36386765120774905,0.9300126026173887,0.2098656800347549,0.26211984126547283
45,Hi,0.7361963190184049,0.5019914453101159,-0.9391056924559273,0.011047329826798966,0.4636476090008061,0.3937563430627691,-1.2649174553900444,0.013973889726319274,0.7853981633974483,0.25776050781074566,1.3583643062861546,0.015623283669067914,0.3217505543966422,0.22629505307972075,0.6304014214735073,0.014821548277550079,0.0,0.2995843573695916,0.23297923907710288,0.01976206437006677,0.0,0.0466087355994245,0.5585993153435624,0.02037026969451016,0.24497866312686414,0.20453975293901608,-0.6483319890872606,0.024702580462583466,0.6435011087932844,0.311409316112467,-0.7292773806962718,0.03163473833742067,0.8960553845713439,0.4054836596191824,-0.7509290623979403,0.038586664210390115,0.8760580505981934,0.06190448920623913,0.49934672168013006,0.022094659653597932,0.4636476090008061,0.21123234186090253,-1.382574821490126,0.017813284098823927,0.5880026035475675,0.32656026560002566,-1.2633988536720753,0.020960834589478908,0.7853981633974483,0.4157672523928129,-1.21897964734921,0.020960834589478908,0.7853981633974483,0.1594799819079307,0.2825549524695875,0.02660549339050257,0.3805063771123649,0.23486945380049126,1.1824776086224307,0.020960834589478908,0.7853981633974483,0.3241972532507842,1.4332095903245468,0.020960834589478908,0.7853981633974483,0.40018180349385213,1.570796,0.024702580462583466,0.6435011087932844,0.26792906621881224,0.09232933473159899,0.02660549339050257,0.3805063771123649,0.2965956037006293,0.5232783221319754,0.027947779452638547,0.7853981633974483,0.3250619311736498,0.7531512809621944,0.027947779452638547,0.7853981633974483,0.3646957667289395,0.9489720389643068,0.025191787962961794,0.19739555984988078
46,Hi,0.7317073170731707,0.5,-0.9391056924559273,0.0,1.570796,0.392194276158947,-1.2649174553900444,0.0,1.570796,0.25673794864323696,1.3583643062861546,0.0,1.570796,0.22539732020724196,0.6304014214735073,0.0,1.570796,0.2995702721018226,0.24896270579271707,0.004920916619868476,1.570796,0.04536860954750886,0.7086262721276703,0.006959227023125168,-0.7853981633974483,0.19683666479473905,-0.6435011087932844,0.006959227023125168,-0.7853981633974483,0.3069169028858209,-0.7173217051394488,0.004920916619868476,1.570796,0.39722497302424326,-0.7328151017865066,0.009841833239736952,1.570796,0.06602102444180644,0.4636476090008061,0.004920916619868476,-0.0,0.20556242011265738,-1.378095568132511,0.004920916619868476,1.570796,0.32057798441477137,-1.2587542052323633,0.004920916619868476,1.570796,0.4158392921928156,-1.2078705557831637,0.004920916619868476,0.0,0.1635788480200483,0.2741674511196588,0.004920916619868476,-0.0,0.23393770550750687,1.1824776086224307,0.0,1.570796,0.32291113352589546,1.4332095903245468,0.0,1.570796,0.40351516282921507,1.570796,0.004920916619868476,1.570796,0.2668661674635644,0.09232933473159899,0.0,1.570796,0.29299089618284846,0.5087298243155534,0.004920916619868476,1.570796,0.3273796734688066,0.7428706287776641,0.004920916619868476,-0.0,0.36218080042545453,0.9300126026173887,0.006959227023125168,-0.7853981633974483
47,Hi,0.6606060606060606,0.4823377667883713,-1.0555513631088533,0.03949510015981431,0.6947382761967033,0.34226181409681183,-1.3473197256542635,0.09541206624053823,1.0121970114513341,0.19831541347563475,1.2329181385546182,0.1327357515023595,0.866302262552679,0.18127164081431643,0.40122879900484876,0.15085972279147986,0.690446457054692,0.26314955021264735,-0.03844259002118799,0.17553827468505181,0.724250000748147,0.036814273702231025,-0.27829965900511133,0.11934545914325717,0.6350267353903137,0.21838244302899215,-0.8345388978134685,0.13186597747309112,0.5667292175235064,0.33348246719268765,-0.8605253193082104,0.13885578402693705,0.5779019369622457,0.42672569551097866,-0.8608847083313718,0.14586126146013717,0.5880026035475675,0.07517517346074751,0.7378150601204649,0.1041264903172206,0.507098504392337,0.22455966789098156,-1.4352686128093959,0.11553499597012504,0.4048917862850834,0.33733259522852327,-1.3439974787410107,0.12961670792475863,0.3587706702705722,0.43066258290930004,-1.2973353397046523,0.13913174809650566,0.3332443011116727,0.16471607841375702,0.3120421215625333,0.09766359754106031,0.37089128881266237,0.2419892330923932,1.1164942401015803,0.11408727136560395,0.223476601140633,0.33240721000827217,1.340576739518053,0.12892435886360876,0.19739555984988078,0.41662873384672017,1.473543128543331,0.13986499031852284,0.21866894587394195,0.2732560132366893,0.037020115873930025,0.09727005558756549,0.15660187698201536,0.303072454367817,0.4487233440107211,0.10727155073978346,0.1418970546041639,0.3388453050370709,0.6584253737833694,0.11674597231974176,0.08673833867598511,0.37214966284310563,0.8238407534186363,0.12652183109313436,0.039978687123290044
48,Hi,0.6407185628742516,0.4828651755636647,-1.0697829399913072,0.005041895754256212,1.570796,0.3481464614427089,-1.396124127786657,0.010083791508512425,0.0,0.2078826874815159,1.1722738811284763,0.011274021641984466,-0.4636476090008061,0.19945780387583578,0.36172924151993224,0.01817881366751496,-0.5880026035475675,0.272309050948049,-0.018516402068009044,0.007130317355740462,-0.7853981633974483,0.04565630788112985,-0.11065722117389563,0.007130317355740462,-0.7853981633974483,0.22115481324406633,-0.8176450458327023,0.010083791508512425,1.570796,0.33249763901902507,-0.8605253193082104,0.011274021641984466,1.1071487177940904,0.4189630316171261,-0.8791397049416967,0.01817881366751496,0.5880026035475675,0.06456776981337546,0.6747409422235527,0.0,1.570796,0.21890190410762345,-1.4321565896607384,0.007130317355740462,0.7853981633974483,0.3352386780707061,-1.3586525737904211,0.014260634711480924,0.7853981633974483,0.4316640184222533,-1.3229848100561947,0.021390952067221383,0.7853981633974483,0.1565425409788103,0.26060239174734096,0.0,1.570796,0.23241991027700704,1.1459641638755542,0.007130317355740462,-0.7853981633974483,0.32433148097757003,1.3673032815373338,0.007130317355740462,-0.7853981633974483,0.409512444646561,1.4968572891369563,0.007130317355740462,-0.7853981633974483,0.26222705450679257,0.019228399099707208,0.007130317355740462,-0.7853981633974483,0.29334129067883263,0.42520501897961815,0.0,1.570796,0.3317705327633649,0.6343828204760888,0.005041895754256212,-0.0,0.37084505690465486,0.8046265624971556,0.011274021641984466,0.4636476090008061
49,Hi,0.6077348066298343,0.4302902329605706,-1.5159064642007427,0.0613774550877208,0.39479111969976155,0.3323100884310501,1.1770981028348724,0.0968738528566407,0.8198672643969563,0.23972149716202026,0.5606869949828056,0.16389248806067538,0.724250000748147,0.23369454071653922,-0.1418970546041639,0.24848799359914742,0.6777082925646276,0.29808091594624053,-0.513252272866261,0.3155891815453077,0.6794138054078485,0.08680082940900027,-0.3906070436976868,0.2288268769083734,0.3805063771123649,0.2306220055421231,-1.171280832795522,0.32440125455917085,0.3723984466767542,0.33012281786590764,-1.2807093944738686,0.38405735994469914,0.36452600240693456,0.41796551236153406,-1.3312970608847376,0.43222854527137194,0.3805063771123649,0.04222897288064124,1.1071487177940904,0.22902162322184244,0.24997862146082245,0.22975045170009223,1.4056476493802699,0.32635374265026235,0.24848742065740276,0.33789775937288424,1.4447082317303062,0.36874865285142044,0.23255694180490902,0.4275357650908029,1.460139105621001,0.4066115065184845,0.22244726542594168,0.10429786919385742,0.09065988720074511,0.21434063882905105,0.13255153229667402,0.23153841992427007,0.8865015351337469,0.3092028925262064,0.12246105741734144,0.31917114742782343,1.0608242670934835,0.34672146980568863,0.10915346290887773,0.39933740622847425,1.1441688336680205,0.388988213027723,0.09725319825156578,0.1900890202657667,-0.2510026866430346,0.1889127155274641,0.02499479361892016,0.2360671349527723,0.28379410920832787,0.22682108685808064,0.04164257909858842,0.2875371352626591,0.5150728170187818,0.25063171118847327,0.05654343694481738,0.33254478256503406,0.6747409422235527,0.2694890136560467,0.052583061610941714
